Date,Adj Close,Close,High,Low,Open,Volume,Daily_Return
2023-01-03,171.05999755859375,171.05999755859375,172.08999633789062,170.02000427246094,171.32000732421875,7992900,0.0
2023-01-04,172.6699981689453,172.6699981689453,173.08999633789062,171.85000610351562,172.86000061035156,7574600,0.0094119059589024
2023-01-05,170.52000427246094,170.52000427246094,171.0,169.7899932861328,170.82000732421875,4692600,-0.012451461859522062
2023-01-06,173.7100067138672,173.7100067138672,173.9600067138672,171.22999572753906,171.75999450683594,7889000,0.01870749684189077
2023-01-09,174.10000610351562,174.10000610351562,175.0399932861328,173.8800048828125,174.50999450683594,5134500,0.0022451175785793698
2023-01-10,174.74000549316406,174.74000549316406,174.97999572753906,174.05999755859375,174.61000061035156,4398400,0.0036760446135073455
2023-01-11,174.6199951171875,174.6199951171875,174.7899932861328,173.72000122070312,174.75999450683594,3374200,-0.000686793935011365
2023-01-12,176.63999938964844,176.63999938964844,176.7100067138672,174.8800048828125,176.00999450683594,6936900,0.011568000967502767
2023-01-13,178.75999450683594,178.75999450683594,178.8300018310547,176.88999938964844,176.9600067138672,7468800,0.012001783992939385
2023-01-17,177.58999633789062,177.58999633789062,178.24000549316406,177.08999633789062,178.2100067138672,6610800,-0.00654507834469964
2023-01-18,177.0800018310547,177.0800018310547,179.17999267578125,176.89999389648438,178.9199981689453,5384700,-0.0028717524486322477
2023-01-19,179.88999938964844,179.88999938964844,180.02999877929688,178.08999633789062,178.3699951171875,6678700,0.015868520044824974
2023-01-20,179.2899932861328,179.2899932861328,179.66000366210938,178.64999389648438,179.05999755859375,5754800,-0.003335405556458948
2023-01-23,179.6300048828125,179.6300048828125,179.69000244140625,177.77999877929688,178.35000610351562,5265500,0.0018964337632443318
2023-01-24,180.27999877929688,180.27999877929688,180.32000732421875,178.35000610351562,179.55999755859375,4604600,0.003618515163479552
2023-01-25,181.1100006103516,181.1100006103516,181.22000122070312,179.2899932861328,179.35000610351562,6925300,0.004603959599926766
2023-01-26,179.47000122070312,179.47000122070312,180.2700042724609,178.4600067138672,180.1499938964844,5860100,-0.009055266877155188
2023-01-27,179.22000122070312,179.22000122070312,179.72000122070312,178.25999450683594,179.27000427246094,6052700,-0.0013929904624704337
2023-01-30,178.75999450683594,178.75999450683594,179.42999267578125,178.64999389648438,179.2899932861328,4210700,-0.002566715270248765
2023-01-31,179.41000366210938,179.41000366210938,179.6999969482422,178.5399932861328,178.82000732421875,5976900,0.0036362115419990015
2023-02-01,181.6699981689453,181.6699981689453,181.72999572753903,178.6300048828125,179.75,7996000,0.012596814339808304
2023-02-02,177.89999389648438,177.89999389648438,181.1100006103516,177.74000549316406,181.0800018310547,8842400,-0.02075193653580043
2023-02-03,173.4600067138672,173.4600067138672,175.42999267578125,173.1199951171875,174.9199981689453,13674400,-0.024957770292002968
2023-02-06,173.82000732421875,173.82000732421875,174.4600067138672,173.27999877929688,174.11000061035156,8957000,0.0020754098721176284
2023-02-07,173.97999572753906,173.97999572753906,175.27000427246094,173.47000122070312,173.72000122070312,6794200,0.000920425708082595
2023-02-08,174.41000366210938,174.41000366210938,174.99000549316406,173.8300018310547,174.94000244140625,4075600,0.002471594120761589
2023-02-09,173.02999877929688,173.02999877929688,175.52000427246094,172.8699951171875,175.49000549316406,5361300,-0.007912418174625069
2023-02-10,173.36000061035156,173.36000061035156,173.67999267578125,172.6300048828125,173.6300048828125,2971100,0.0019071943211166342
2023-02-13,172.47999572753906,172.47999572753906,172.89999389648438,172.07000732421875,172.6999969482422,3970800,-0.005076170279846859
2023-02-14,172.61000061035156,172.61000061035156,173.50999450683594,171.41000366210938,171.97000122070312,5403100,0.0007537389032514774
2023-02-15,170.88999938964844,170.88999938964844,170.99000549316406,170.16000366210938,170.60000610351562,5423800,-0.00996466725346834
2023-02-16,170.75,170.75,171.60000610351562,169.9600067138672,170.33999633789062,4540400,-0.0008192368783922488
2023-02-17,171.25999450683594,171.25999450683594,171.47000122070312,169.52000427246094,169.8699951171875,4809800,0.002986790669610162
2023-02-21,170.6199951171875,170.6199951171875,171.5,170.33999633789062,171.1999969482422,4035900,-0.003737004613899475
2023-02-22,169.66000366210938,169.66000366210938,170.9600067138672,169.55999755859375,170.80999755859375,4105700,-0.005626488586046308
2023-02-23,169.57000732421875,169.57000732421875,170.1300048828125,169.0800018310547,169.83999633789062,5073500,-0.0005304511136865475
2023-02-24,168.35000610351562,168.35000610351562,168.83999633789062,168.19000244140625,168.4199981689453,6496500,-0.00719467575637045
2023-02-27,169.00999450683594,169.00999450683594,169.22999572753906,168.5500030517578,168.8800048828125,4509200,0.003920334893926292
2023-02-28,169.77999877929688,169.77999877929688,170.25,168.58999633789062,168.77999877929688,6761600,0.00455596886271592
2023-03-01,170.75999450683594,170.75999450683594,171.49000549316406,170.47000122070312,170.9499969482422,6590500,0.005772150633673867
2023-03-02,170.66000366210938,170.66000366210938,170.97999572753906,170.36000061035156,170.52000427246094,3950700,-0.0005855636445488699
2023-03-03,172.49000549316406,172.49000549316406,172.60000610351562,170.97999572753906,171.4499969482422,6894500,0.010723085619275707
2023-03-06,171.6199951171875,171.6199951171875,172.3699951171875,171.5399932861328,172.32000732421875,4264100,-0.005043830646819902
2023-03-07,168.6199951171875,168.6199951171875,170.47000122070312,168.52000427246094,170.4199981689453,8713300,-0.017480480627863337
2023-03-08,168.5399932861328,168.5399932861328,169.58999633789062,168.52000427246094,168.61000061035156,5718600,-0.00047445044105887124
2023-03-09,170.1999969482422,170.1999969482422,170.64999389648438,169.7100067138672,169.75,5583000,0.009849316056938173
2023-03-10,173.8699951171875,173.8699951171875,173.8800048828125,171.9199981689453,171.92999267578125,13803400,0.021562856843419187
2023-03-13,177.86000061035156,177.86000061035156,178.02000427246094,176.3000030517578,176.66000366210938,20554400,0.022948211912439564
2023-03-14,176.8300018310547,176.8300018310547,177.58999633789062,176.2100067138672,177.35000610351562,10019000,-0.005791064746217711
2023-03-15,178.2100067138672,178.2100067138672,180.1300048828125,177.49000549316406,178.86000061035156,14546100,0.007804133170404848
2023-03-16,178.57000732421875,178.57000732421875,179.64999389648438,177.8699951171875,179.50999450683594,10762200,0.002020092008242713
2023-03-17,183.7700042724609,183.7700042724609,184.8099975585937,180.7700042724609,181.0200042724609,24156300,0.029120214677489598
2023-03-20,183.83999633789065,183.83999633789065,184.5399932861328,182.7400054931641,184.19000244140625,11845700,0.00038086773577017397
2023-03-21,180.3699951171875,180.3699951171875,182.72999572753903,179.89999389648438,182.6499938964844,10734500,-0.018875115806276654
2023-03-22,183.44000244140625,183.44000244140625,183.94000244140625,180.27999877929688,180.3999938964844,11969600,0.01702060989813825
2023-03-23,185.7400054931641,185.7400054931641,186.2400054931641,183.6000061035156,183.9100036621093,11347100,0.01253817608562513
2023-03-24,183.6499938964844,183.6499938964844,185.9900054931641,183.6199951171875,185.6100006103516,9245900,-0.011252350246951037
2023-03-27,181.9499969482422,181.9499969482422,182.1499938964844,180.69000244140625,181.1499938964844,6925000,-0.009256722051406263
2023-03-28,183.44000244140625,183.44000244140625,183.6199951171875,182.1199951171875,182.3099975585937,6202600,0.008189093257242153
2023-03-29,182.52999877929688,182.52999877929688,183.2700042724609,182.2400054931641,182.4900054931641,4996500,-0.00496077000653139
2023-03-30,184.17999267578125,184.17999267578125,184.44000244140625,182.5500030517578,182.75,6360300,0.009039576549164652
2023-03-31,183.22000122070312,183.22000122070312,184.4199981689453,182.8000030517578,184.1100006103516,8003300,-0.005212246135594234
2023-04-03,184.5399932861328,184.5399932861328,185.0399932861328,183.32000732421875,183.8500061035156,9206600,0.007204410308019105
2023-04-04,187.97999572753903,187.97999572753903,188.22999572753903,184.6600036621093,184.72000122070312,13765400,0.018640958960437493
2023-04-05,187.8300018310547,187.8300018310547,188.8600006103516,186.77999877929688,188.33999633789065,11440800,-0.0007979247786650268
2023-04-06,186.4900054931641,186.4900054931641,187.259994506836,185.9499969482422,186.88999938964844,6648400,-0.00713409106547247
2023-04-10,185.1100006103516,185.1100006103516,185.3600006103516,184.19000244140625,185.17999267578125,6408100,-0.007399886547073353
2023-04-11,186.27999877929688,186.27999877929688,186.509994506836,185.63999938964844,185.9100036621093,6031500,0.006320556237304986
2023-04-12,187.19000244140625,187.19000244140625,187.6600036621093,185.97000122070312,187.5399932861328,10000900,0.004885138866613126
2023-04-13,189.72000122070312,189.72000122070312,190.4100036621093,188.9900054931641,189.759994506836,14060100,0.013515672558895409
2023-04-14,186.3600006103516,186.3600006103516,188.4900054931641,185.1699981689453,188.0800018310547,13272500,-0.017710313033588942
2023-04-17,185.52999877929688,185.52999877929688,185.92999267578125,184.1000061035156,185.88999938964844,7468100,-0.0044537552497121435
2023-04-18,186.25,186.25,186.9900054931641,185.0399932861328,185.2400054931641,8056900,0.003880780603893852
2023-04-19,185.3600006103516,185.3600006103516,185.5800018310547,184.27999877929688,184.3500061035156,7373500,-0.004778520212877391
2023-04-20,186.08999633789065,186.08999633789065,187.02999877929688,185.77999877929688,186.13999938964844,5789900,0.00393825919904689
2023-04-21,184.25,184.25,185.67999267578125,183.22000122070312,184.97999572753903,10698700,-0.009887669268098143
2023-04-24,184.8099975585937,184.8099975585937,185.02999877929688,183.4600067138672,184.07000732421875,8303400,0.003039335460481407
2023-04-25,185.75,185.75,186.22000122070312,184.3000030517578,184.83999633789065,8451900,0.005086318131183765
2023-04-26,184.7400054931641,184.7400054931641,186.6499938964844,184.3000030517578,186.6300048828125,8203600,-0.0054373863086724095
2023-04-27,184.75,184.75,184.9900054931641,183.3800048828125,183.8999938964844,9107400,5.410039265307809e-05
2023-04-28,184.8000030517578,184.8000030517578,185.3800048828125,184.1699981689453,184.7899932861328,6700400,0.0002706525128974846
2023-05-01,183.97000122070312,183.97000122070312,186.22000122070312,183.9100036621093,186.0500030517578,7997700,-0.004491351825477108
2023-05-02,187.5200042724609,187.5200042724609,187.63999938964844,184.5200042724609,184.6499938964844,14680600,0.01929664090994354
2023-05-03,189.1100006103516,189.1100006103516,189.2100067138672,186.92999267578125,187.6100006103516,11133800,0.008479075840785777
2023-05-04,190.44000244140625,190.44000244140625,191.3600006103516,188.8099975585937,188.8600006103516,14146800,0.007032953449114698
2023-05-05,187.4600067138672,187.4600067138672,187.5800018310547,185.7700042724609,186.5599975585937,12508100,-0.015647950479605433
2023-05-08,187.69000244140625,187.69000244140625,188.6699981689453,187.4900054931641,187.82000732421875,6075400,0.0012269055761324754
2023-05-09,189.0200042724609,189.0200042724609,189.3300018310547,188.07000732421875,188.1199951171875,7098800,0.007086162362163417
2023-05-10,188.75,188.75,189.63999938964844,187.82000732421875,188.97999572753903,9392100,-0.0014284428439209629
2023-05-11,187.1300048828125,187.1300048828125,188.8099975585937,186.8600006103516,188.44000244140625,8245500,-0.008582755587748347
2023-05-12,186.8099975585937,186.8099975585937,187.9199981689453,186.5800018310547,187.42999267578125,7087500,-0.0017100802429798057
2023-05-15,187.2100067138672,187.2100067138672,187.8800048828125,187.02999877929688,187.3000030517578,5518100,0.0021412620336234145
2023-05-16,184.8699951171875,184.8699951171875,186.82000732421875,184.4600067138672,186.5800018310547,9519500,-0.0124993937971285
2023-05-17,184.22999572753903,184.22999572753903,184.4499969482422,183.47999572753903,184.3099975585937,7474300,-0.0034618889303413836
2023-05-18,181.83999633789065,181.83999633789065,182.27999877929688,181.33999633789065,182.1000061035156,8812600,-0.012972911279784172
2023-05-19,183.63999938964844,183.63999938964844,184.33999633789065,181.8099975585937,182.25,8435000,0.0098988291245512
2023-05-22,183.2100067138672,183.2100067138672,183.83999633789065,182.9100036621093,183.22000122070312,4834300,-0.002341497915543389
2023-05-23,183.42999267578125,183.42999267578125,183.759994506836,182.47999572753903,182.77999877929688,6345000,0.001200731149241463
2023-05-24,181.9499969482422,181.9499969482422,183.5399932861328,181.7700042724609,183.5399932861328,6732900,-0.008068450017086337
2023-05-25,180.1999969482422,180.1999969482422,181.3099975585937,180.10000610351562,181.17999267578125,6919200,-0.009618027091793824
2023-05-26,180.9199981689453,180.9199981689453,181.3000030517578,180.08999633789062,181.009994506836,5823700,0.003995567330169925
2023-05-30,182.0399932861328,182.0399932861328,182.3999938964844,181.1699981689453,181.72000122070312,4906100,0.006190554546333882
2023-05-31,182.32000732421875,182.32000732421875,183.4499969482422,182.1000061035156,182.38999938964844,8497900,0.0015382006614657051
2023-06-01,183.759994506836,183.759994506836,184.2100067138672,182.72000122070312,182.8099975585937,7300500,0.007898130346476684
2023-06-02,181.0500030517578,181.0500030517578,183.5599975585937,180.9600067138672,183.52999877929688,8726100,-0.014747450675273943
2023-06-05,182.13999938964844,182.13999938964844,182.44000244140625,180.6000061035156,180.7899932861328,5748800,0.006020416015011243
2023-06-06,182.33999633789065,182.33999633789065,182.6499938964844,181.5200042724609,182.3600006103516,4967200,0.0010980396887692034
2023-06-07,180.1499938964844,180.1499938964844,183.0,180.1499938964844,181.94000244140625,9066500,-0.012010543410059138
2023-06-08,182.52999877929688,182.52999877929688,183.0399932861328,181.9600067138672,182.0,6394100,0.013211240429905624
2023-06-09,182.0399932861328,182.0399932861328,182.7899932861328,181.72000122070312,182.3600006103516,4379200,-0.0026845203333208945
2023-06-12,181.8800048828125,181.8800048828125,181.94000244140625,181.0399932861328,181.8000030517578,4873600,-0.0008788640365902101
2023-06-13,180.5399932861328,180.5399932861328,182.42999267578125,180.1699981689453,182.1000061035156,5126700,-0.007367558613950331
2023-06-14,180.63999938964844,180.63999938964844,181.9600067138672,180.13999938964844,181.69000244140625,6807000,0.0005539277015322863
2023-06-15,181.9100036621093,181.9100036621093,182.0500030517578,180.17999267578125,180.27999877929688,6739000,0.00703058169149684
2023-06-16,181.6300048828125,181.6300048828125,182.6199951171875,181.4100036621093,181.92999267578125,8779100,-0.0015392159510747572
2023-06-20,179.75,179.75,180.08999633789062,179.22000122070312,180.05999755859375,7584200,-0.010350739592973501
2023-06-21,179.49000549316406,179.49000549316406,179.9499969482422,178.19000244140625,179.14999389648438,6702300,-0.0014464228474878604
2023-06-22,177.7100067138672,177.7100067138672,178.99000549316406,177.6300048828125,178.36000061035156,7945000,-0.009916979914319946
2023-06-23,178.1999969482422,178.1999969482422,179.9499969482422,178.08999633789062,179.60000610351562,5419800,0.0027572461643308177
2023-06-26,178.50999450683594,178.50999450683594,179.0800018310547,178.4199981689453,179.0500030517578,3222100,0.0017396047357047806
2023-06-27,177.69000244140625,177.69000244140625,179.2899932861328,177.42999267578125,179.07000732421875,5036900,-0.004593535884055422
2023-06-28,177.27999877929688,177.27999877929688,177.69000244140625,176.6999969482422,177.22999572753906,5866700,-0.002307409851291853
2023-06-29,177.08999633789062,177.08999633789062,177.6300048828125,175.7899932861328,175.8300018310547,6862500,-0.001071764681377263
2023-06-30,178.27000427246094,178.27000427246094,178.52999877929688,177.32000732421875,177.69000244140625,6420900,0.006663323502016594
2023-07-03,178.47000122070312,178.47000122070312,179.33999633789062,178.4600067138672,178.61000061035156,4085700,0.0011218766110339118
2023-07-05,177.83999633789062,177.83999633789062,179.4199981689453,177.8300018310547,179.41000366210938,5650600,-0.00353003237800964
2023-07-06,177.30999755859375,177.30999755859375,177.8000030517578,176.66000366210938,177.50999450683594,5133000,-0.002980200124891419
2023-07-07,178.63999938964844,178.63999938964844,179.64999389648438,178.35000610351562,178.3800048828125,5201100,0.007500997402107412
2023-07-10,178.77999877929688,178.77999877929688,178.9199981689453,178.25999450683594,178.3699951171875,3320500,0.0007836956455820054
2023-07-11,179.4499969482422,179.4499969482422,179.7100067138672,179.1300048828125,179.42999267578125,2818800,0.0037476125602418087
2023-07-12,181.8800048828125,181.8800048828125,181.9499969482422,181.1000061035156,181.17999267578125,7062000,0.013541420874312982
2023-07-13,182.009994506836,182.009994506836,182.1499938964844,181.4900054931641,181.9600067138672,4527900,0.0007146999149645339
2023-07-14,181.42999267578125,181.42999267578125,182.1699981689453,181.1100006103516,181.58999633789065,5390000,-0.0031866482531702767
2023-07-17,181.5599975585937,181.5599975585937,181.6300048828125,180.63999938964844,180.9900054931641,4152400,0.000716556732958562
2023-07-18,183.63999938964844,183.63999938964844,184.22999572753903,182.32000732421875,182.7899932861328,8238000,0.01145627813959127
2023-07-19,183.6699981689453,183.6699981689453,183.83999633789065,182.8699951171875,183.4499969482422,3911600,0.00016335645500209495
2023-07-20,182.7400054931641,182.7400054931641,183.7700042724609,182.47000122070312,183.72999572753903,4972900,-0.005063389149303488
2023-07-21,182.17999267578125,182.17999267578125,182.4600067138672,181.67999267578125,182.0599975585937,3845400,-0.0030645332195953223
2023-07-24,181.3999938964844,181.3999938964844,182.5399932861328,181.33999633789065,182.22000122070312,4370000,-0.004281473326684049
2023-07-25,182.4100036621093,182.4100036621093,182.47000122070312,181.1000061035156,181.72000122070312,4090100,0.005567859975790457
2023-07-26,183.3000030517578,183.3000030517578,183.63999938964844,182.3099975585937,182.6600036621093,6158400,0.0048791150253859605
2023-07-27,180.4199981689453,180.4199981689453,181.63999938964844,180.32000732421875,181.63999938964844,7592800,-0.01571197400361901
2023-07-28,181.8600006103516,181.8600006103516,182.2700042724609,181.25,181.47999572753903,3828800,0.007981390400291666
2023-07-31,182.3500061035156,182.3500061035156,183.08999633789065,182.3099975585937,182.42999267578125,5494800,0.0026944104889445875
2023-08-01,180.4600067138672,180.4600067138672,181.3800048828125,180.19000244140625,180.8500061035156,6239700,-0.010364679607279492
2023-08-02,179.60000610351562,179.60000610351562,180.7899932861328,179.41000366210938,180.57000732421875,6339700,-0.004765602229612864
2023-08-03,179.5399932861328,179.5399932861328,179.9499969482422,179.27999877929688,179.44000244140625,4636300,-0.0003341470787491252
2023-08-04,180.19000244140625,180.19000244140625,180.7700042724609,179.85000610351562,180.25,5326200,0.003620414278603157
2023-08-07,179.77999877929688,179.77999877929688,180.1499938964844,179.27000427246094,180.1499938964844,4510400,-0.0022753962847783527
2023-08-08,178.63999938964844,178.63999938964844,179.3300018310547,178.4600067138672,178.63999938964844,6162900,-0.006341080194621318
2023-08-09,177.7899932861328,177.7899932861328,178.9199981689453,177.77999877929688,178.67999267578125,4644000,-0.00475820704444585
2023-08-10,177.60000610351562,177.60000610351562,178.6999969482422,177.5399932861328,178.22000122070312,5934600,-0.0010686044760203073
2023-08-11,177.60000610351562,177.60000610351562,178.36000061035156,177.49000549316406,177.6999969482422,5289700,0.0
2023-08-14,177.05999755859375,177.05999755859375,177.5800018310547,176.5800018310547,176.86000061035156,9554500,-0.003040588549344525
2023-08-15,176.58999633789062,176.58999633789062,177.42999267578125,176.3300018310547,176.75,7582700,-0.002654474343068869
2023-08-16,175.57000732421875,175.57000732421875,176.9499969482422,175.55999755859375,176.6199951171875,6559400,-0.005776029417432049
2023-08-17,175.3000030517578,175.3000030517578,176.55999755859375,174.92999267578125,176.52999877929688,7937700,-0.0015378724223797935
2023-08-18,175.3300018310547,175.3300018310547,176.05999755859375,175.10000610351562,175.8300018310547,6253000,0.00017112823031739666
2023-08-21,175.80999755859375,175.80999755859375,175.94000244140625,174.9600067138672,175.89999389648438,4206400,0.002737670236275802
2023-08-22,176.10000610351562,176.10000610351562,176.25,175.30999755859375,175.8300018310547,5892200,0.0016495566176504273
2023-08-23,177.88999938964844,177.88999938964844,178.22000122070312,177.07000732421875,177.32000732421875,7949100,0.01016464068195777
2023-08-24,177.85000610351562,177.85000610351562,178.49000549316406,177.41000366210938,177.66000366210938,5526400,-0.00022482031744353037
2023-08-25,177.6199951171875,177.6199951171875,178.3800048828125,176.6300048828125,177.5800018310547,6132800,-0.0012932863561120334
2023-08-28,178.1300048828125,178.1300048828125,178.72999572753906,177.50999450683594,177.64999389648438,4740700,0.0028713533365909427
2023-08-29,179.8699951171875,179.8699951171875,179.8800048828125,177.89999389648438,178.02999877929688,7576600,0.009768091768254772
2023-08-30,180.32000732421875,180.32000732421875,180.8800048828125,180.2899932861328,180.5800018310547,6593700,0.0025018747942815445
2023-08-31,180.02000427246094,180.02000427246094,180.4900054931641,179.94000244140625,180.3699951171875,4795600,-0.0016637258183913595
2023-09-01,180.11000061035156,180.11000061035156,181.1199951171875,179.50999450683594,180.8000030517578,4970700,0.0004999240959600026
2023-09-05,178.63999938964844,178.63999938964844,179.44000244140625,178.63999938964844,179.3300018310547,7056800,-0.008161685723844458
2023-09-06,177.8300018310547,177.8300018310547,179.00999450683594,177.6999969482422,178.3300018310547,6427200,-0.004534245193468567
2023-09-07,178.02000427246094,178.02000427246094,178.3699951171875,177.89999389648438,178.30999755859375,3257200,0.0010684498647577367
2023-09-08,178.0800018310547,178.0800018310547,179.0500030517578,177.89999389648438,178.36000061035156,3292700,0.0003370270596214642
2023-09-11,178.41000366210938,178.41000366210938,179.07000732421875,178.25999450683594,178.97000122070312,3689100,0.001853109993606994
2023-09-12,177.49000549316406,177.49000549316406,177.6999969482422,177.0500030517578,177.11000061035156,4445400,-0.005156651253074851
2023-09-13,177.0800018310547,177.0800018310547,177.75,177.0399932861328,177.52999877929688,3874800,-0.0023100098564432514
2023-09-14,177.1699981689453,177.1699981689453,177.38999938964844,176.36000061035156,176.5,6184400,0.0005082241752882855
2023-09-15,178.33999633789062,178.33999633789062,179.11000061035156,178.33999633789062,178.5500030517578,5620900,0.006603816566220333
2023-09-18,179.38999938964844,179.38999938964844,179.41000366210938,178.3800048828125,178.82000732421875,5049300,0.005887647601878543
2023-09-19,179.22000122070312,179.22000122070312,179.64999389648438,179.02999877929688,179.5399932861328,4224700,-0.0009476457412548323
2023-09-20,179.35000610351562,179.35000610351562,180.6600036621093,179.32000732421875,179.33999633789062,9328000,0.0007253927124595272
2023-09-21,178.0500030517578,178.0500030517578,178.49000549316406,177.69000244140625,177.86000061035156,7571900,-0.007248413758109917
2023-09-22,178.6199951171875,178.6199951171875,178.9499969482422,178.50999450683594,178.64999389648438,3634800,0.0032013033173832195
2023-09-25,177.6999969482422,177.6999969482422,178.7100067138672,177.63999938964844,178.41000366210938,5582100,-0.005150588926742139
2023-09-26,176.27999877929688,176.27999877929688,177.13999938964844,176.16000366210938,176.8300018310547,7181100,-0.007990985893820302
2023-09-27,174.10000610351562,174.10000610351562,175.32000732421875,173.6999969482422,175.27000427246094,10919600,-0.012366647894697436
2023-09-28,173.22999572753906,173.22999572753906,174.13999938964844,172.32000732421875,173.91000366210938,10061900,-0.004997187509914736
2023-09-29,171.4499969482422,171.4499969482422,174.02999877929688,171.27000427246094,173.9199981689453,10427400,-0.01027534966921384
2023-10-02,169.64999389648438,169.64999389648438,170.4600067138672,169.5,170.22999572753906,12706000,-0.010498705650611395
2023-10-03,169.16000366210938,169.16000366210938,170.0800018310547,168.75,169.13999938964844,11459800,-0.0028882419805683623
2023-10-04,169.13999938964844,169.13999938964844,169.41000366210938,168.5,169.2100067138672,10034600,-0.00011825651470720455
2023-10-05,168.8300018310547,168.8300018310547,169.0,168.3000030517578,168.74000549316406,6970200,-0.0018327868021307259
2023-10-06,169.6999969482422,169.6999969482422,170.22999572753906,168.5,169.1699981689453,9948400,0.005153083621109555
2023-10-09,172.82000732421875,172.82000732421875,172.86000061035156,171.0800018310547,171.17999267578125,10201500,0.01838544744893622
2023-10-10,172.52999877929688,172.52999877929688,172.8000030517578,171.89999389648438,172.0800018310547,5844000,-0.0016780958953311886
2023-10-11,173.7899932861328,173.7899932861328,174.1300048828125,173.25999450683594,173.60000610351562,7128000,0.007303045938392039
2023-10-12,173.25999450683594,173.25999450683594,174.22999572753906,173.24000549316406,174.05999755859375,5912700,-0.0030496507265770356
2023-10-13,178.8300018310547,178.8300018310547,179.10000610351562,176.72000122070312,176.88999938964844,18796500,0.03214825984540237
2023-10-16,177.9600067138672,177.9600067138672,178.3300018310547,177.5399932861328,177.83999633789062,8385400,-0.004864928190345896
2023-10-17,178.2899932861328,178.2899932861328,179.1300048828125,177.97999572753906,178.3699951171875,8231900,0.001854273768354009
2023-10-18,180.8699951171875,180.8699951171875,182.0200042724609,179.75,180.88999938964844,13920800,0.014470816805260078
2023-10-19,183.08999633789065,183.08999633789065,183.42999267578125,180.82000732421875,181.0399932861328,13406600,0.012274016037125302
2023-10-20,183.58999633789065,183.58999633789065,185.22999572753903,183.08999633789065,183.42999267578125,12785700,0.0027308974274993236
2023-10-23,182.97000122070312,182.97000122070312,183.5599975585937,182.7100067138672,183.509994506836,9479800,-0.0033770637265357895
2023-10-24,182.9499969482422,182.9499969482422,183.3999938964844,181.67999267578125,182.07000732421875,6594000,-0.0001093308866343401
2023-10-25,183.72000122070312,183.72000122070312,184.3000030517578,182.0399932861328,183.4199981689453,10087000,0.004208823642007475
2023-10-26,184.009994506836,184.009994506836,184.4900054931641,182.8699951171875,183.3999938964844,7671400,0.0015784524505009223
2023-10-27,186.1499938964844,186.1499938964844,186.3600006103516,183.47000122070312,183.759994506836,14102800,0.011629799758343662
2023-10-30,185.1000061035156,185.1000061035156,185.6999969482422,184.72999572753903,185.5399932861328,8756400,-0.005640547017974562
2023-10-31,184.08999633789065,184.08999633789065,186.2100067138672,183.5,185.0800018310547,10104600,-0.005456562573315615
2023-11-01,183.509994506836,183.509994506836,185.0,182.6699981689453,183.9100036621093,9048600,-0.003150642851826091
2023-11-02,184.1199951171875,184.1199951171875,184.27999877929688,183.5,184.1300048828125,7343700,0.0033240729584829154
2023-11-03,184.7899932861328,184.7899932861328,185.47000122070312,184.3500061035156,184.47999572753903,8530400,0.003638921283475316
2023-11-06,183.3500061035156,183.3500061035156,184.22999572753903,183.33999633789065,184.13999938964844,8274700,-0.007792560392528958
2023-11-07,182.58999633789065,182.58999633789065,182.6499938964844,181.75,182.25,6795800,-0.0041451308444235835
2023-11-08,180.7700042724609,180.7700042724609,182.07000732421875,180.57000732421875,182.009994506836,6738300,-0.009967643912220492
2023-11-09,181.4900054931641,181.4900054931641,182.27999877929688,180.88999938964844,180.97999572753903,6486300,0.003982968433291489
2023-11-10,179.50999450683594,179.50999450683594,180.58999633789065,179.25,180.509994506836,7606600,-0.010909752197912237
2023-11-13,180.509994506836,180.509994506836,180.72999572753903,179.11000061035156,179.39999389648438,5385900,0.005570720464603385
2023-11-14,182.1199951171875,182.1199951171875,182.75,181.6199951171875,181.6999969482422,6831600,0.008919177105678466
2023-11-15,181.63999938964844,181.63999938964844,182.17999267578125,181.3099975585937,182.02999877929688,4909400,-0.002635601473798599
2023-11-16,183.69000244140625,183.69000244140625,184.32000732421875,182.8000030517578,182.8500061035156,8253300,0.011286077178189302
2023-11-17,183.6699981689453,183.6699981689453,184.1300048828125,183.4499969482422,183.9600067138672,4871100,-0.00010890234740634774
2023-11-20,183.3699951171875,183.3699951171875,183.47999572753903,182.22999572753903,182.32000732421875,5389300,-0.0016333808174913145
2023-11-21,185.3500061035156,185.3500061035156,186.1199951171875,185.07000732421875,185.57000732421875,7322400,0.010797900632885549
2023-11-22,184.5599975585937,184.5599975585937,185.72000122070312,184.2700042724609,185.47000122070312,4337700,-0.004262252597287186
2023-11-24,185.5200042724609,185.5200042724609,185.75,185.1600036621093,185.47000122070312,2445100,0.005201596914642614
2023-11-27,186.7700042724609,186.7700042724609,186.8000030517578,185.92999267578125,186.5599975585937,6320400,0.006737817869841178
2023-11-28,189.259994506836,189.259994506836,189.3999938964844,187.5200042724609,187.8999938964844,10901900,0.013331852960407176
2023-11-29,189.5399932861328,189.5399932861328,189.9900054931641,189.0200042724609,189.1600036621093,8407300,0.0014794398574640155
2023-11-30,188.75,188.75,189.2400054931641,188.27999877929688,188.88999938964844,7558100,-0.004167950375202456
2023-12-01,192.009994506836,192.009994506836,192.3999938964844,188.69000244140625,188.8099975585937,16727600,0.017271494075952187
2023-12-04,187.8600006103516,187.8600006103516,190.3800048828125,187.259994506836,189.6000061035156,18460500,-0.0216134264632597
2023-12-05,187.1499938964844,187.1499938964844,187.8800048828125,186.3000030517578,187.5500030517578,7027700,-0.0037794459254785195
2023-12-06,187.83999633789065,187.83999633789065,188.4600067138672,187.5,188.32000732421875,5778600,0.0036868953454944897
2023-12-07,188.1499938964844,188.1499938964844,188.58999633789065,187.259994506836,188.4499969482422,5802000,0.0016503277504122948
2023-12-08,185.63999938964844,185.63999938964844,186.77999877929688,184.8999938964844,185.92999267578125,7883200,-0.013340391114851191
2023-12-11,183.58999633789065,183.58999633789065,184.52999877929688,183.1499938964844,184.5,8519500,-0.011042895165362165
2023-12-12,183.4900054931641,183.4900054931641,183.97999572753903,183.259994506836,183.83999633789065,5056900,-0.0005446421195114404
2023-12-13,187.6300048828125,187.6300048828125,187.6600036621093,183.3800048828125,183.82000732421875,10635500,0.022562533466176315
2023-12-14,188.72999572753903,188.72999572753903,189.82000732421875,188.0800018310547,188.8600006103516,9107200,0.0058625529824696265
2023-12-15,187.0,187.0,188.9600067138672,186.82000732421875,188.5200042724609,8324800,-0.009166511771857122
2023-12-18,187.8500061035156,187.8500061035156,188.4900054931641,187.2400054931641,187.5,5358000,0.00454548718457537
2023-12-19,189.1300048828125,189.1300048828125,189.72000122070312,188.1300048828125,188.22999572753903,6025600,0.006813940578695332
2023-12-20,188.1000061035156,188.1000061035156,188.9600067138672,188.08999633789065,188.69000244140625,6002400,-0.005445982936103211
2023-12-21,189.42999267578125,189.42999267578125,189.6199951171875,188.75,189.2100067138672,4620000,0.007070635455129759
2023-12-22,190.2700042724609,190.2700042724609,191.8800048828125,190.07000732421875,191.6000061035156,7176300,0.0044344170889421
2023-12-26,191.72000122070312,191.72000122070312,191.7400054931641,190.3999938964844,190.97000122070312,4502700,0.007620733251079592
2023-12-27,192.58999633789065,192.58999633789065,193.17999267578125,191.5399932861328,191.7700042724609,5813300,0.004537842226414401
2023-12-28,191.47000122070312,191.47000122070312,192.88999938964844,191.44000244140625,192.33999633789065,6171500,-0.005815437657636924
2023-12-29,191.1699981689453,191.1699981689453,191.63999938964844,190.7400054931641,190.9900054931641,4612300,-0.001566841018672216
2024-01-02,190.72000122070312,190.72000122070312,191.88999938964844,190.5,191.44000244140625,6025600,-0.002353909884146743
2024-01-03,189.1300048828125,189.1300048828125,189.8600006103516,188.1600036621093,188.7700042724609,8661600,-0.008336809604204354
2024-01-04,189.32000732421875,189.32000732421875,189.75,188.69000244140625,189.0800018310547,4416700,0.0010046128932528209
2024-01-05,189.3500061035156,189.3500061035156,191.259994506836,189.0800018310547,189.67999267578125,7481900,0.0001584554095515056
2024-01-08,187.8699951171875,187.8699951171875,188.7400054931641,187.1100006103516,187.2100067138672,6215000,-0.007816271130823171
2024-01-09,187.92999267578125,187.92999267578125,188.77999877929688,187.72999572753903,188.67999267578125,4437300,0.0003193567900841021
2024-01-10,187.5,187.5,188.44000244140625,187.2100067138672,188.13999938964844,4504700,-0.00228804710551489
2024-01-11,187.8699951171875,187.8699951171875,188.5500030517578,186.5599975585937,188.0200042724609,6831100,0.0019733072916665595
2024-01-12,189.7100067138672,189.7100067138672,191.0800018310547,189.1600036621093,190.6699981689453,6833700,0.009794068475553752
2024-01-16,187.9100036621093,187.9100036621093,189.259994506836,187.5399932861328,189.1499938964844,6548100,-0.009488181898980041
2024-01-17,185.83999633789065,185.83999633789065,187.4199981689453,185.4499969482422,187.3099975585937,8643200,-0.011015950635288263
2024-01-18,187.3699951171875,187.3699951171875,187.3999938964844,186.3000030517578,186.3600006103516,4685200,0.008232882099906247
2024-01-19,187.92999267578125,187.92999267578125,188.3000030517578,187.44000244140625,188.259994506836,5719700,0.00298872590696031
2024-01-22,187.22000122070312,187.22000122070312,187.759994506836,186.8500061035156,187.22999572753903,4397500,-0.003777957126316789
2024-01-23,187.9499969482422,187.9499969482422,188.1499938964844,187.27999877929688,187.4499969482422,5040800,0.0038991332271092194
2024-01-24,186.3999938964844,186.3999938964844,188.3699951171875,186.32000732421875,188.3300018310547,6085400,-0.008246890539639784
2024-01-25,187.13999938964844,187.13999938964844,187.63999938964844,186.4600067138672,187.33999633789065,4651000,0.003969986681303217
2024-01-26,187.009994506836,187.009994506836,187.3800048828125,186.759994506836,187.2700042724609,5064800,-0.0006946931881823826
2024-01-29,188.3300018310547,188.3300018310547,188.5399932861328,187.19000244140625,188.3099975585937,5629700,0.0070584854445865375
2024-01-30,188.58999633789065,188.58999633789065,189.8300018310547,187.97999572753903,189.6999969482422,4976500,0.0013805262268791196
2024-01-31,188.4499969482422,188.4499969482422,190.4600067138672,188.1300048828125,189.3699951171875,7886100,-0.0007423479101067443
2024-02-01,190.4100036621093,190.4100036621093,191.3600006103516,188.9900054931641,189.7100067138672,10278100,0.010400672568890545
2024-02-02,188.6100006103516,188.6100006103516,188.8699951171875,187.8500061035156,188.07000732421875,7337600,-0.009453300862027558
2024-02-05,187.57000732421875,187.57000732421875,187.82000732421875,186.6999969482422,186.8800048828125,5436100,-0.005513988032274875
2024-02-06,188.5500030517578,188.5500030517578,188.8500061035156,187.7400054931641,187.94000244140625,4866100,0.005224693124019186
2024-02-07,188.5,188.5,189.38999938964844,188.27999877929688,188.4499969482422,6276900,-0.0002651978305409086
2024-02-08,188.3300018310547,188.3300018310547,188.52999877929688,187.82000732421875,187.9100036621093,3873300,-0.0009018470501077624
2024-02-09,187.6000061035156,187.6000061035156,187.7700042724609,187.13999938964844,187.5599975585937,4412600,-0.003876152075833028
2024-02-12,187.1100006103516,187.1100006103516,187.2700042724609,186.3600006103516,186.6000061035156,4706300,-0.002611969494785815
2024-02-13,184.52999877929688,184.52999877929688,185.3800048828125,184.3300018310547,185.3500061035156,9525800,-0.013788690196348541
2024-02-14,184.4199981689453,184.4199981689453,184.8800048828125,183.77999877929688,184.2700042724609,7031600,-0.0005961123453055439
2024-02-15,185.6600036621093,185.6600036621093,186.0200042724609,185.1000061035156,185.6000061035156,6228900,0.006723812522913208
2024-02-16,186.33999633789065,186.33999633789065,186.6699981689453,184.83999633789065,185.0800018310547,6518500,0.0036625695484684417
2024-02-20,187.47000122070312,187.47000122070312,188.02999877929688,187.3999938964844,187.9600067138672,5531200,0.0060642100730936566
2024-02-21,187.47999572753903,187.47999572753903,188.0399932861328,187.1000061035156,187.8800048828125,5789200,5.331256612173263e-05
2024-02-22,187.5599975585937,187.5599975585937,187.63999938964844,187.0500030517578,187.5599975585937,4550800,0.0004267219590239346
2024-02-23,188.6199951171875,188.6199951171875,189.17999267578125,187.4600067138672,187.5599975585937,6827300,0.005651511902278861
2024-02-26,188.1999969482422,188.1999969482422,188.3600006103516,187.52999877929688,187.7899932861328,4491900,-0.0022266895335479875
2024-02-27,188.0,188.0,188.72000122070312,187.8800048828125,188.5800018310547,5165400,-0.0010626830578386315
2024-02-28,188.33999633789065,188.33999633789065,188.5200042724609,188.02999877929688,188.33999633789065,2824100,0.001808491158992842
2024-02-29,189.3099975585937,189.3099975585937,189.9199981689453,189.22999572753903,189.63999938964844,6848600,0.005150266749303745
2024-03-01,192.88999938964844,192.88999938964844,193.3999938964844,189.44000244140625,190.2700042724609,13411000,0.01891079117438954
2024-03-04,196.009994506836,196.009994506836,196.3300018310547,193.8800048828125,194.1499938964844,12216300,0.016174996770490946
2024-03-05,197.19000244140625,197.19000244140625,198.13999938964844,196.6499938964844,197.44000244140625,9672200,0.006020141664404344
2024-03-06,198.8099975585937,198.8099975585937,199.3000030517578,197.44000244140625,198.0800018310547,10459300,0.00821540188209502
2024-03-07,199.94000244140625,199.94000244140625,200.1100006103516,198.9100036621093,199.5399932861328,8403700,0.005683843351386386
2024-03-08,201.6300048828125,201.6300048828125,203.3000030517578,200.4499969482422,200.88999938964844,13540100,0.008452547868211147
2024-03-11,202.0,202.0,202.4100036621093,201.4600067138672,201.7100067138672,7329600,0.00183502012710135
2024-03-12,199.7899932861328,199.7899932861328,200.6300048828125,199.1600036621093,200.4199981689453,9436600,-0.01094062729637224
2024-03-13,201.19000244140625,201.19000244140625,201.8600006103516,200.3500061035156,200.44000244140625,5930000,0.00700740378557585
2024-03-14,200.3500061035156,200.3500061035156,200.47000122070312,199.33999633789065,200.3699951171875,6865000,-0.004175139558116436
2024-03-15,199.7100067138672,199.7100067138672,200.6300048828125,199.57000732421875,199.94000244140625,4556700,-0.0031944066391379478
2024-03-18,200.02999877929688,200.02999877929688,200.1499938964844,199.509994506836,199.6600036621093,7206800,0.0016022835845583838
2024-03-19,199.8000030517578,199.8000030517578,199.8099975585937,198.94000244140625,199.6199951171875,4657500,-0.0011498061737871268
2024-03-20,202.17999267578125,202.17999267578125,202.6600036621093,199.1199951171875,199.1600036621093,9593800,0.011911859798154678
2024-03-21,201.97000122070312,201.97000122070312,203.9199981689453,200.6000061035156,203.8800048828125,7396500,-0.0010386361790747367
2024-03-22,200.3500061035156,200.3500061035156,201.8600006103516,199.72000122070312,201.32000732421875,6918500,-0.008020968992406341
2024-03-25,200.9900054931641,200.9900054931641,201.9499969482422,200.97000122070312,201.19000244140625,4034800,0.003194406639138503
2024-03-26,201.63999938964844,201.63999938964844,202.759994506836,201.07000732421875,202.6499938964844,5752700,0.003233961285236342
2024-03-27,203.1000061035156,203.1000061035156,203.22000122070312,202.32000732421875,202.32000732421875,6041000,0.007240660177973091
2024-03-28,205.72000122070312,205.72000122070312,206.0500030517578,203.8699951171875,204.5399932861328,9194500,0.012900024807740218
2024-04-01,207.82000732421875,207.82000732421875,208.72999572753903,206.2899932861328,208.67999267578125,13677100,0.010208079384865787
2024-04-02,210.88999938964844,210.88999938964844,211.02999877929688,208.3600006103516,209.07000732421875,13421100,0.014772360490971526
2024-04-03,212.7400054931641,212.7400054931641,212.8300018310547,210.3000030517578,210.57000732421875,11416200,0.008772374739768996
2024-04-04,211.5200042724609,211.5200042724609,213.4499969482422,211.0200042724609,212.0,12307300,-0.005734705223284342
2024-04-05,215.13999938964844,215.13999938964844,215.7400054931641,212.22000122070312,212.4900054931641,13382700,0.017114197447370305
2024-04-08,216.47999572753903,216.47999572753903,216.8099975585937,214.6100006103516,215.97999572753903,10331400,0.006228485366236658
2024-04-09,217.6699981689453,217.6699981689453,218.8600006103516,216.4499969482422,217.8099975585937,13069900,0.0054970549930351
2024-04-10,215.6100006103516,215.6100006103516,217.77999877929688,214.67999267578125,215.3699951171875,13317500,-0.00946385618561385
2024-04-11,219.8000030517578,219.8000030517578,219.83999633789065,215.88999938964844,216.8500061035156,11415200,0.01943324720349282
2024-04-12,216.88999938964844,216.88999938964844,225.08999633789065,216.0200042724609,221.8699951171875,30898800,-0.013239324939518515
2024-04-15,220.9499969482422,220.9499969482422,221.02999877929688,215.1600036621093,217.94000244140625,13239000,0.01871915519396472
2024-04-16,221.22000122070312,221.22000122070312,221.9900054931641,218.77999877929688,220.17999267578125,10746100,0.0012220152803359419
2024-04-17,219.58999633789065,219.58999633789065,221.759994506836,218.5200042724609,221.0500030517578,11521100,-0.007368252752093074
2024-04-18,220.33999633789065,220.33999633789065,221.4600067138672,219.3099975585937,221.3099975585937,6496900,0.0034154561341945833
2024-04-19,221.02999877929688,221.02999877929688,222.3600006103516,220.0800018310547,220.4900054931641,8689000,0.003131535140574737
2024-04-22,215.57000732421875,215.57000732421875,216.9600067138672,215.13999938964844,216.3500061035156,13404300,-0.02470249054532203
2024-04-23,215.0399932861328,215.0399932861328,215.8600006103516,213.8699951171875,213.9600067138672,10730300,-0.002458663172418052
2024-04-24,214.63999938964844,214.63999938964844,216.3500061035156,214.3600006103516,214.759994506836,5741100,-0.0018600907225296837
2024-04-25,215.9199981689453,215.9199981689453,217.0500030517578,214.33999633789065,214.47000122070312,6606500,0.005963468053189924
2024-04-26,216.6199951171875,216.6199951171875,217.07000732421875,215.52999877929688,216.7700042724609,6268500,0.003241927353549112
2024-04-29,216.17999267578125,216.17999267578125,217.22000122070312,215.25,216.0200042724609,6409900,-0.002031218037689575
2024-04-30,211.8699951171875,211.8699951171875,214.1300048828125,211.8000030517578,213.3800048828125,11248600,-0.019937078844561418
2024-05-01,213.7899932861328,213.7899932861328,215.5,212.4100036621093,212.9600067138672,10373900,0.00906215232545482
2024-05-02,213.1300048828125,213.1300048828125,213.7100067138672,211.4900054931641,211.8999938964844,6287000,-0.0030870874411647042
2024-05-03,212.9600067138672,212.9600067138672,213.22999572753903,210.7100067138672,212.88999938964844,8679900,-0.0007976266365629092
2024-05-06,215.1999969482422,215.1999969482422,215.9100036621093,214.47000122070312,215.13999938964844,6840500,0.010518361024399514
2024-05-07,214.2100067138672,214.2100067138672,214.92999267578125,213.8800048828125,214.5200042724609,5660700,-0.004600326433150892
2024-05-08,213.5800018310547,213.5800018310547,214.8000030517578,213.5,213.6199951171875,4462700,-0.002941061869504713
2024-05-09,216.9499969482422,216.9499969482422,216.9499969482422,214.44000244140625,214.47999572753903,7732500,0.015778607960932778
2024-05-10,218.7100067138672,218.7100067138672,219.6000061035156,218.0800018310547,219.22000122070312,8700900,0.008112513438038427
2024-05-13,216.259994506836,216.259994506836,217.3099975585937,215.8000030517578,217.0599975585937,4896300,-0.011202103844459632
2024-05-14,218.08999633789065,218.08999633789065,218.3800048828125,216.97999572753903,217.3099975585937,4662700,0.008462045119476791
2024-05-15,220.88999938964844,220.88999938964844,221.19000244140625,217.6499938964844,219.0599975585937,9297700,0.012838750510223651
2024-05-16,220.02999877929688,220.02999877929688,220.58999633789065,219.4100036621093,220.13999938964844,4301700,-0.0038933433506626036
2024-05-17,223.6600036621093,223.6600036621093,223.8500061035156,221.6699981689453,222.17999267578125,10481900,0.016497772589880055
2024-05-20,224.5599975585937,224.5599975585937,225.6600036621093,223.0200042724609,223.7899932861328,5990900,0.004023937591649318
2024-05-21,224.22999572753903,224.22999572753903,225.2100067138672,223.6999969482422,224.7700042724609,4002600,-0.001469548604570825
2024-05-22,220.1100006103516,220.1100006103516,223.2400054931641,219.7400054931641,223.08999633789065,8903100,-0.018373969565577797
2024-05-23,215.72000122070312,215.72000122070312,219.22999572753903,215.6600036621093,218.77999877929688,9537900,-0.01994457033971775
2024-05-24,215.9199981689453,215.9199981689453,217.2100067138672,215.7400054931641,216.9600067138672,4212400,0.0009271136061119734
2024-05-28,218.19000244140625,218.19000244140625,218.58999633789065,217.2100067138672,218.42999267578125,3809700,0.010513172896031486
2024-05-29,216.1600036621093,216.1600036621093,217.1600036621093,216.1199951171875,216.9199981689453,4185000,-0.00930381207471731
2024-05-30,216.57000732421875,216.57000732421875,217.509994506836,216.4100036621093,216.69000244140625,3068800,0.0018967600627466386
2024-05-31,215.3000030517578,215.3000030517578,217.9600067138672,214.6499938964844,217.7700042724609,5617200,-0.00586417430627717
2024-06-03,217.22000122070312,217.22000122070312,217.82000732421875,215.5399932861328,215.9199981689453,6172600,0.008917780500373507
2024-06-04,215.2700042724609,215.2700042724609,216.2400054931641,214.1999969482422,216.2400054931641,5509400,-0.008977059834655576
2024-06-05,217.82000732421875,217.82000732421875,218.0800018310547,215.92999267578125,216.69000244140625,5479200,0.011845603201319
2024-06-06,219.42999267578125,219.42999267578125,219.97000122070312,218.1000061035156,218.3600006103516,5283900,0.007391356612921562
2024-06-07,211.6000061035156,211.6000061035156,215.19000244140625,211.5399932861328,215.07000732421875,12195100,-0.0356833014337965
2024-06-10,213.5399932861328,213.5399932861328,214.0200042724609,212.759994506836,213.1300048828125,4215300,0.009168181127878539
2024-06-11,214.1499938964844,214.1499938964844,214.3800048828125,213.2400054931641,213.9499969482422,4004100,0.0028566106093963484
2024-06-12,214.72000122070312,214.72000122070312,216.5500030517578,214.1999969482422,216.47000122070312,5911900,0.0026617200115086614
2024-06-13,212.97000122070312,212.97000122070312,214.9600067138672,212.259994506836,214.44000244140625,5861100,-0.008150148984962247
2024-06-14,215.72999572753903,215.72999572753903,216.0399932861328,214.97999572753903,215.33999633789065,7076500,0.012959545903254766
2024-06-17,214.6100006103516,214.6100006103516,215.2400054931641,213.6000061035156,214.8999938964844,3877700,-0.005191652247571343
2024-06-18,215.47000122070312,215.47000122070312,215.8300018310547,214.0399932861328,214.3800048828125,4921400,0.004007271832187076
2024-06-20,218.1600036621093,218.1600036621093,218.7400054931641,216.1499938964844,216.32000732421875,7290500,0.012484347826456021
2024-06-21,214.77999877929688,214.77999877929688,217.8999938964844,214.259994506836,217.8300018310547,8865600,-0.015493238109985707
2024-06-24,215.6300048828125,215.6300048828125,215.94000244140625,215.1999969482422,215.5500030517578,4626900,0.003957566385821121
2024-06-25,214.5599975585937,214.5599975585937,215.3099975585937,214.1199951171875,214.9600067138672,3820900,-0.004962237629221988
2024-06-26,212.5800018310547,212.5800018310547,213.1100006103516,212.1199951171875,212.38999938964844,4690300,-0.009228168111804269
2024-06-27,214.9900054931641,214.9900054931641,215.5,214.4499969482422,214.7100067138672,4977800,0.011336925587312363
2024-06-28,215.009994506836,215.009994506836,215.8099975585937,214.82000732421875,215.63999938964844,3955100,9.297647872541503e-05
2024-07-01,215.57000732421875,215.57000732421875,216.0,214.4900054931641,215.25,3797900,0.002604589701363569
2024-07-02,215.5599975585937,215.5599975585937,216.0800018310547,214.6199951171875,215.3300018310547,4921700,-4.643394389280964e-05
2024-07-03,217.9900054931641,217.9900054931641,218.7400054931641,217.3300018310547,217.33999633789065,5055300,0.01127300038083301
2024-07-05,220.92999267578125,220.92999267578125,221.27999877929688,219.5800018310547,219.5800018310547,5950600,0.013486798057396943
2024-07-08,218.19000244140625,218.19000244140625,220.0399932861328,217.4100036621093,219.63999938964844,5790800,-0.012402074526820739
2024-07-09,218.5599975585937,218.5599975585937,219.2899932861328,217.2700042724609,218.57000732421875,3901500,0.0016957473442753557
2024-07-10,219.3600006103516,219.3600006103516,220.7100067138672,219.1600036621093,220.13999938964844,5556200,0.0036603361122542477
2024-07-11,223.25,223.25,224.1499938964844,221.47999572753903,222.6499938964844,9322000,0.017733403441032136
2024-07-12,223.1100006103516,223.1100006103516,223.6199951171875,221.8600006103516,222.02999877929688,5179300,-0.0006270969301160889
2024-07-15,223.8300018310547,223.8300018310547,225.58999633789065,223.0200042724609,223.38999938964844,5719300,0.0032271131671974818
2024-07-16,228.2899932861328,228.2899932861328,228.2899932861328,225.3000030517578,225.4499969482422,11070700,0.019925798233449088
2024-07-17,227.22999572753903,227.22999572753903,229.6499938964844,226.6699981689453,228.7899932861328,8620500,-0.004643206403117328
2024-07-18,225.77999877929688,225.77999877929688,228.32000732421875,225.57000732421875,227.7100067138672,5485500,-0.006381186355259083
2024-07-19,221.72999572753903,221.72999572753903,222.67999267578125,221.4100036621093,221.5200042724609,8666000,-0.017937829186175036
2024-07-22,221.8000030517578,221.8000030517578,221.9199981689453,220.3999938964844,221.5800018310547,5334100,0.00031573231212611574
2024-07-23,222.5800018310547,222.5800018310547,222.75,221.8600006103516,222.33999633789065,4435700,0.003516676143213937
2024-07-24,221.8000030517578,221.8000030517578,224.8800048828125,221.7400054931641,223.47000122070312,6838800,-0.0035043524704835294
2024-07-25,218.3300018310547,218.3300018310547,219.259994506836,217.5200042724609,219.0200042724609,9777100,-0.01564473026582147
2024-07-26,220.6300048828125,220.6300048828125,221.0399932861328,219.6999969482422,219.9600067138672,6328800,0.010534525866662925
2024-07-29,220.32000732421875,220.32000732421875,221.5500030517578,219.0500030517578,221.259994506836,4665100,-0.0014050562105476505
2024-07-30,222.5200042724609,222.5200042724609,222.9199981689453,220.3600006103516,221.4100036621093,4939500,0.009985461488319025
2024-07-31,226.5500030517578,226.5500030517578,226.6000061035156,223.63999938964844,223.72999572753903,7316600,0.018110725786084636
2024-08-01,225.7700042724609,225.7700042724609,227.57000732421875,225.0500030517578,226.7400054931641,7217200,-0.00344294314186655
2024-08-02,225.33999633789065,225.33999633789065,228.759994506836,222.8699951171875,227.9499969482422,11109400,-0.0019046282784817015
2024-08-05,222.47999572753903,222.47999572753903,223.1000061035156,220.2400054931641,220.5599975585937,8939000,-0.012691935106198926
2024-08-06,220.6999969482422,220.6999969482422,222.13999938964844,220.1100006103516,221.5,14362300,-0.00800071383261225
2024-08-07,220.5500030517578,220.5500030517578,222.3099975585937,220.3500061035156,221.94000244140625,5287800,-0.0006796279952806517
2024-08-08,224.009994506836,224.009994506836,224.25,222.5200042724609,222.72999572753903,6327100,0.015688013635013265
2024-08-09,224.5599975585937,224.5599975585937,225.27999877929688,223.82000732421875,224.82000732421875,4441000,0.0024552612171102606
2024-08-12,228.4100036621093,228.4100036621093,228.5399932861328,225.97000122070312,226.13999938964844,5561300,0.017144665770273848
2024-08-13,228.0599975585937,228.0599975585937,228.8699951171875,227.58999633789065,228.07000732421875,6740200,-0.001532358906807585
2024-08-14,226.1999969482422,226.1999969482422,227.47999572753903,225.3500061035156,226.5500030517578,5462500,-0.00815575125082435
2024-08-15,226.9100036621093,226.9100036621093,227.5,225.1199951171875,226.509994506836,5273300,0.0031388449312381717
2024-08-16,231.9900054931641,231.9900054931641,232.0200042724609,229.009994506836,229.9900054931641,11924500,0.022387738526589596
2024-08-19,231.6100006103516,231.6100006103516,231.77999877929688,229.7400054931641,230.1499938964844,5164800,-0.0016380226467286318
2024-08-20,232.4600067138672,232.4600067138672,234.009994506836,231.1300048828125,233.7100067138672,9073600,0.0036699887797402297
2024-08-21,232.1499938964844,232.1499938964844,232.8699951171875,230.47999572753903,231.69000244140625,5337400,-0.0013336178629831386
2024-08-22,229.3699951171875,229.3699951171875,230.3800048828125,228.259994506836,230.3500061035156,5765400,-0.011975011209935715
2024-08-23,232.0200042724609,232.0200042724609,232.72999572753903,230.5200042724609,231.0399932861328,5418200,0.011553425520715921
2024-08-26,232.759994506836,232.759994506836,233.5,232.0599975585937,233.4499969482422,3151400,0.0031893380775311897
2024-08-27,233.38999938964844,233.38999938964844,233.47000122070312,231.57000732421875,231.69000244140625,4435600,0.002706671669018057
2024-08-28,231.75,231.75,232.0200042724609,230.72999572753903,232.0,4961500,-0.007026862307456638
2024-08-29,232.9499969482422,232.9499969482422,233.6100006103516,231.9199981689453,231.9499969482422,5524200,0.005177980359189593
2024-08-30,231.2899932861328,231.2899932861328,232.8600006103516,230.5500030517578,232.52999877929688,5743000,-0.0071260085162319076
2024-09-03,230.2899932861328,230.2899932861328,230.5399932861328,228.5200042724609,230.3800048828125,6417900,-0.0043235765879541255
2024-09-04,230.42999267578125,230.42999267578125,231.0599975585937,229.3800048828125,229.7899932861328,4696000,0.000607926500195255
2024-09-05,232.3500061035156,232.3500061035156,232.88999938964844,231.3300018310547,232.72000122070312,4838100,0.008332306942507417
2024-09-06,230.6300048828125,230.6300048828125,232.759994506836,229.6199951171875,231.8300018310547,6315800,-0.00740263040895639
2024-09-09,231.6000061035156,231.6000061035156,231.6199951171875,230.38999938964844,231.259994506836,3548800,0.004205876079289794
2024-09-10,232.6199951171875,232.6199951171875,232.7400054931641,231.1199951171875,232.38999938964844,4378300,0.004404097525006145
2024-09-11,232.25,232.25,232.8699951171875,231.08999633789065,231.72000122070312,4637300,-0.001590555949419148
2024-09-12,236.3300018310547,236.3300018310547,236.4499969482422,234.4199981689453,234.6300048828125,9930200,0.017567284525531468
2024-09-13,238.67999267578125,238.67999267578125,238.97999572753903,237.759994506836,238.1300048828125,7455100,0.009943683944142245
2024-09-16,238.6600036621093,238.6600036621093,239.27999877929688,238.0500030517578,238.72999572753903,4713500,-8.374817448197902e-05
2024-09-17,237.33999633789065,237.33999633789065,238.6000061035156,236.6100006103516,238.0800018310547,5257100,-0.005530911354914236
2024-09-18,235.509994506836,235.509994506836,240.2899932861328,235.3000030517578,238.19000244140625,11081100,-0.007710465405288747
2024-09-19,239.1699981689453,239.1699981689453,239.5200042724609,237.38999938964844,238.2400054931641,6108200,0.015540757281972128
2024-09-20,242.2100067138672,242.2100067138672,242.6300048828125,240.47000122070312,241.1100006103516,7737400,0.012710660066880486
2024-09-23,242.67999267578125,242.67999267578125,243.4600067138672,242.58999633789065,242.97000122070312,5426200,0.0019404068737312041
2024-09-24,246.07000732421875,246.07000732421875,246.19000244140625,243.1499938964844,243.38999938964844,8386300,0.01396907347432852
2024-09-25,245.72999572753903,245.72999572753903,246.47000122070312,244.7899932861328,246.19000244140625,7393400,-0.001381767735032069
2024-09-26,246.97999572753903,246.97999572753903,247.3699951171875,245.19000244140625,246.44000244140625,7041100,0.005086884066794806
2024-09-27,245.0200042724609,245.0200042724609,246.75,244.19000244140625,246.30999755859372,8329600,-0.007935830791900744
2024-09-30,243.05999755859372,243.05999755859372,244.0800018310547,242.5,243.97000122070312,6916700,-0.007999374253898295
2024-10-01,245.6100006103516,245.6100006103516,246.97999572753903,245.05999755859372,245.1999969482422,10605500,0.010491249392624358
2024-10-02,245.66000366210935,245.66000366210935,246.07000732421875,243.9900054931641,245.6100006103516,6798800,0.0002035871977259518
2024-10-03,245.4900054931641,245.4900054931641,245.91000366210935,243.69000244140625,244.72000122070312,5674500,-0.0006920058878574498
2024-10-04,245.0,245.0,246.69000244140625,244.0500030517578,245.0,5947800,-0.001996030315693398
2024-10-07,244.1699981689453,244.1699981689453,244.82000732421875,243.80999755859372,244.5800018310547,3849000,-0.0033877625757333663
2024-10-08,242.3699951171875,242.3699951171875,244.0399932861328,240.6300048828125,243.7899932861328,7669800,-0.007371925565205384
2024-10-09,241.0500030517578,241.0500030517578,241.83999633789065,240.63999938964844,241.16000366210935,4120500,-0.005446185963701722
2024-10-10,242.82000732421875,242.82000732421875,243.0200042724609,241.50999450683597,241.7700042724609,4792700,0.007342892553628744
2024-10-11,245.47000122070312,245.47000122070312,245.9199981689453,244.47000122070312,244.5,5789500,0.010913408354139564
2024-10-14,245.07000732421875,245.07000732421875,245.8600006103516,244.25999450683597,245.16000366210935,3922900,-0.001629502157067031
2024-10-15,245.9199981689453,245.9199981689453,246.5500030517578,244.52999877929688,244.9900054931641,5640800,0.003468359323146597
2024-10-16,247.1499938964844,247.1499938964844,248.08999633789065,246.3600006103516,247.6199951171875,5431900,0.005001609209081437
2024-10-17,248.6300048828125,248.6300048828125,249.05999755859372,247.6199951171875,247.75,5176200,0.005988310835030708
2024-10-18,251.2700042724609,251.2700042724609,251.3699951171875,249.8999938964844,250.0,7833600,0.010618185005034864
2024-10-21,251.22000122070312,251.22000122070312,253.13999938964844,250.72999572753903,252.7400054931641,9258600,-0.00019900127714234106
2024-10-22,253.92999267578125,253.92999267578125,253.94000244140625,252.5200042724609,253.05999755859372,5756300,0.01078732362833379
2024-10-23,250.8699951171875,250.8699951171875,253.17999267578125,250.1999969482422,253.0800018310547,8081000,-0.012050555849465017
2024-10-24,252.8000030517578,252.8000030517578,253.32000732421875,251.3999938964844,253.2700042724609,5962200,0.007693259346016168
2024-10-25,253.32000732421875,253.32000732421875,253.5500030517578,251.7700042724609,252.0,4424500,0.0020569789010425055
2024-10-28,253.3300018310547,253.3300018310547,253.6300048828125,252.9499969482422,253.00999450683597,4029100,3.945407605776552e-05
2024-10-29,256.0899963378906,256.0899963378906,256.2900085449219,254.22999572753903,254.4900054931641,8875500,0.010894858433216914
2024-10-30,257.5,257.5,257.7099914550781,255.91000366210935,256.760009765625,6386200,0.005505891218995584
2024-10-31,253.50999450683597,253.50999450683597,255.6000061035156,252.1999969482422,255.5200042724609,9930800,-0.015495166963743867
2024-11-01,252.47000122070312,252.47000122070312,254.8600006103516,252.44000244140625,254.3300018310547,6473000,-0.004102375877353404
2024-11-04,252.8300018310547,252.8300018310547,253.5800018310547,252.2700042724609,253.32000732421875,4581400,0.0014259144001700363
2024-11-05,253.3999938964844,253.3999938964844,253.9900054931641,252.41000366210935,253.77999877929688,6029900,0.002254447895035039
2024-11-06,245.6999969482422,245.6999969482422,247.3500061035156,244.9499969482422,245.63999938964844,14600200,-0.030386729020158265
2024-11-07,249.6499938964844,249.6499938964844,250.2400054931641,248.1199951171875,248.2899932861328,8821400,0.01607650385553039
2024-11-08,247.9600067138672,247.9600067138672,249.3500061035156,247.77999877929688,249.07000732421875,6267900,-0.006769426092267272
2024-11-11,242.13999938964844,242.13999938964844,242.72999572753903,241.05999755859372,242.72999572753903,11653800,-0.02347155656813127
2024-11-12,240.0500030517578,240.0500030517578,241.66000366210935,239.38999938964844,241.2899932861328,10145500,-0.008631355179477884
2024-11-13,237.6300048828125,237.6300048828125,241.47000122070312,237.58999633789065,241.30999755859372,8431700,-0.010081225320474285
2024-11-14,237.00999450683597,237.00999450683597,237.9900054931641,236.1300048828125,236.57000732421875,8262400,-0.0026091417886486834
2024-11-15,236.58999633789065,236.58999633789065,237.8800048828125,236.3300018310547,237.57000732421875,7299500,-0.0017720694429753658
2024-11-18,241.08999633789065,241.08999633789065,241.5,240.4499969482422,240.4600067138672,6323400,0.019020246289590537
2024-11-19,243.25,243.25,243.30999755859372,242.02999877929688,242.75,6579100,0.008959325127211315
2024-11-20,244.6199951171875,244.6199951171875,245.2100067138672,243.50999450683597,243.7400054931641,6630700,0.005632045702723465
2024-11-21,246.66000366210935,246.66000366210935,246.80999755859372,245.69000244140625,246.22999572753903,7646400,0.00833950039098208
2024-11-22,249.83999633789065,249.83999633789065,250.38999938964844,247.8600006103516,248.1999969482422,7503000,0.012892210445830887
2024-11-25,242.47999572753903,242.47999572753903,244.3999938964844,241.47999572753903,244.2700042724609,10733100,-0.029458856541119016
2024-11-26,242.9499969482422,242.9499969482422,243.08999633789065,241.5800018310547,242.7100067138672,4945900,0.0019383092584317474
2024-11-27,243.4900054931641,243.4900054931641,245.17999267578125,243.1999969482422,244.8500061035156,6930600,0.002222714763140843
2024-11-29,245.58999633789065,245.58999633789065,245.80999755859372,244.72999572753903,245.25,2708500,0.008624546377060671
2024-12-02,243.44000244140625,243.44000244140625,244.5800018310547,243.13999938964844,244.4600067138672,4765000,-0.00875440338997513
2024-12-03,243.92999267578125,243.92999267578125,245.17999267578125,243.3000030517578,244.9600067138672,3557800,0.002012776164397767
2024-12-04,244.6699981689453,244.6699981689453,245.33999633789065,244.3699951171875,244.92999267578125,4608600,0.003033679807253664
2024-12-05,242.8600006103516,242.8600006103516,244.3800048828125,242.1499938964844,244.16000366210935,4806200,-0.007397709454119106
2024-12-06,242.9499969482422,242.9499969482422,243.8600006103516,242.44000244140625,242.7899932861328,3540700,0.0003705687954558279
2024-12-09,245.3600006103516,245.3600006103516,247.1100006103516,245.25999450683597,246.27999877929688,4711500,0.009919751769426055
2024-12-10,248.58999633789065,248.58999633789065,248.8600006103516,247.8300018310547,247.8600006103516,4642000,0.01316431251835759
2024-12-11,250.9600067138672,250.9600067138672,251.25999450683597,248.97000122070312,249.3500061035156,11033800,0.009533812345188464
2024-12-12,247.27999877929688,247.27999877929688,248.2400054931641,246.8699951171875,247.80999755859372,10149600,-0.014663722649505995
2024-12-13,244.2899932861328,244.2899932861328,245.94000244140625,244.2700042724609,245.6699981689453,6602600,-0.012091578404740733
2024-12-16,244.8800048828125,244.8800048828125,245.5399932861328,244.2899932861328,245.41000366210935,3310000,0.002415209844427002
2024-12-17,243.94000244140625,243.94000244140625,244.5500030517578,243.22999572753903,243.8000030517578,4421300,-0.0038386247250202787
2024-12-18,239.25999450683597,239.25999450683597,243.7100067138672,238.82000732421875,243.57000732421875,8015800,-0.01918507783771306
2024-12-19,239.6000061035156,239.6000061035156,240.0500030517578,238.72999572753903,239.6699981689453,8111400,0.0014210967336201197
2024-12-20,242.1000061035156,242.1000061035156,242.9600067138672,241.1699981689453,241.41000366210935,9527800,0.010434056495473909
2024-12-23,240.9600067138672,240.9600067138672,241.6699981689453,240.6499938964844,241.6000061035156,5835500,-0.004708795377563857
2024-12-24,241.44000244140625,241.44000244140625,241.66000366210935,240.82000732421875,241.4900054931641,2421000,0.001992014086009908
2024-12-26,243.07000732421875,243.07000732421875,243.55999755859372,242.1999969482422,242.38999938964844,4645100,0.006751179863859091
2024-12-27,241.3999938964844,241.3999938964844,241.9499969482422,241.0500030517578,241.1999969482422,4728100,-0.0068705038771270655
2024-12-30,240.6300048828125,240.6300048828125,241.0800018310547,239.5800018310547,241.0800018310547,3522500,-0.0031896811646237033
2024-12-31,242.1300048828125,242.1300048828125,242.5200042724609,241.0500030517578,241.0500030517578,2522100,0.006233636577161361
2025-01-02,245.4199981689453,245.4199981689453,245.52999877929688,244.0800018310547,244.22000122070312,6241900,0.013587714119632333
2025-01-03,243.4900054931641,243.4900054931641,244.82000732421875,243.3600006103516,244.55999755859372,4872100,-0.007864039973028758
2025-01-06,243.19000244140625,243.19000244140625,243.7899932861328,242.0500030517578,242.3300018310547,3758900,-0.0012320959587240887
2025-01-07,244.55999755859372,244.55999755859372,245.7700042724609,243.80999755859372,245.5200042724609,5090300,0.005633435188264091
2025-01-08,245.8600006103516,245.8600006103516,246.4499969482422,244.50999450683597,245.72000122070312,6303300,0.005315681488124113
2025-01-10,248.2100067138672,248.2100067138672,249.0399932861328,247.5500030517578,248.00999450683597,12380100,0.00955831000439944
2025-01-13,245.7400054931641,245.7400054931641,246.7899932861328,245.1499938964844,246.33999633789065,8448600,-0.009951255605703535
2025-01-14,247.02999877929688,247.02999877929688,247.0399932861328,245.5200042724609,245.6199951171875,4914800,0.005249423200524239
2025-01-15,248.8800048828125,248.8800048828125,248.8999938964844,247.00999450683597,248.2100067138672,6345000,0.007488993695735191
2025-01-16,250.6000061035156,250.6000061035156,251.38999938964844,250.2700042724609,250.55999755859372,9236000,0.006910965874952435
2025-01-17,249.2700042724609,249.2700042724609,250.80999755859372,249.1499938964844,249.6999969482422,8312900,-0.005307269747253374
2025-01-21,253.1300048828125,253.1300048828125,253.3600006103516,251.8300018310547,251.9499969482422,7668100,0.01548521901629396
2025-01-22,254.42999267578125,254.42999267578125,254.67999267578125,253.77999877929688,254.2899932861328,5213800,0.005135652699768123
2025-01-23,254.07000732421875,254.07000732421875,254.5399932861328,252.82000732421875,253.19000244140625,6511500,-0.0014148699521492336
2025-01-24,255.6499938964844,255.6499938964844,257.07000732421875,255.6100006103516,255.9600067138672,7341300,0.006218705580031125
2025-01-27,252.9900054931641,252.9900054931641,254.25999450683597,251.9199981689453,253.8600006103516,5799800,-0.0104048052682425
2025-01-28,255.17999267578125,255.17999267578125,255.25,253.88999938964844,254.22999572753903,5332000,0.008656417783572623
2025-01-29,254.1999969482422,254.1999969482422,254.82000732421875,253.3000030517578,254.5500030517578,5671800,-0.0038404097330004827
2025-01-30,258.04998779296875,258.04998779296875,258.2900085449219,256.45001220703125,257.20001220703125,12981200,0.01514551884715587
2025-01-31,258.5599975585937,258.5599975585937,259.989990234375,257.8599853515625,259.0799865722656,8961100,0.0019763991077346166
2025-02-03,259.94000244140625,259.94000244140625,261.3900146484375,259.5199890136719,259.75,11521100,0.00533727141028395
2025-02-04,262.5,262.5,262.5400085449219,261.3500061035156,261.8299865722656,9850400,0.00984841707528572
2025-02-05,264.1300048828125,264.1300048828125,265.989990234375,263.8900146484375,264.45001220703125,12681100,0.006209542410714253
2025-02-06,263.42999267578125,263.42999267578125,263.7200012207031,261.489990234375,263.6600036621094,8731400,-0.0026502562908058414
2025-02-07,263.8999938964844,263.8999938964844,266.3500061035156,263.260009765625,265.2200012207031,9154000,0.0017841598670260694
2025-02-10,268.3699951171875,268.3699951171875,268.6600036621094,267.239990234375,268.0,13250300,0.016938239196991
2025-02-11,267.3900146484375,267.3900146484375,268.3599853515625,266.7099914550781,267.70001220703125,7169500,-0.0036516022155236305
2025-02-12,267.6700134277344,267.6700134277344,268.42999267578125,266.3500061035156,267.1499938964844,9328600,0.0010471549570203464
2025-02-13,270.3099975585937,270.3099975585937,270.3900146484375,268.2200012207031,268.3999938964844,8347500,0.009862831092105395
2025-02-14,266.2900085449219,266.2900085449219,270.2099914550781,265.45001220703125,270.07000732421875,11546700,-0.014871773334245386
2025-02-18,270.70001220703125,270.70001220703125,271.010009765625,269.6000061035156,269.67999267578125,8185900,0.01656090548123368
2025-02-19,270.8500061035156,270.8500061035156,271.3299865722656,269.239990234375,270.67999267578125,9342500,0.000554096378723612
2025-02-20,270.989990234375,270.989990234375,271.8399963378906,270.1700134277344,270.2300109863281,7356900,0.0005168326664386491
2025-02-21,270.739990234375,270.739990234375,271.510009765625,269.510009765625,270.79998779296875,8917400,-0.0009225433005247696
2025-02-24,272.2099914550781,272.2099914550781,272.32000732421875,270.3800048828125,271.45001220703125,5374400,0.005429568123388684
2025-02-25,268.6199951171875,268.6199951171875,271.67999267578125,266.45001220703125,271.4599914550781,10079800,-0.013188334192659745
2025-02-26,269.0299987792969,269.0299987792969,269.0799865722656,266.6600036621094,267.0799865722656,7276000,0.0015263333689308212
2025-02-27,264.92999267578125,264.92999267578125,266.6700134277344,264.45001220703125,266.489990234375,9374600,-0.015239958822878874
2025-02-28,263.2699890136719,263.2699890136719,263.3999938964844,261.25,262.5599975585937,11504500,-0.006265820058134697
2025-03-03,266.739990234375,266.739990234375,266.8800048828125,265.07000732421875,265.07000732421875,7725600,0.013180390342641513
2025-03-04,269.0599975585937,269.0599975585937,269.3999938964844,267.5199890136719,269.010009765625,8481300,0.00869763593445505
2025-03-05,269.6199951171875,269.6199951171875,270.260009765625,267.9599914550781,267.9700012207031,6990400,0.0020813110966890758
2025-03-06,268.25,268.25,269.510009765625,268.1600036621094,268.25,6136400,-0.005081207410422395
2025-03-07,268.3900146484375,268.3900146484375,270.3399963378906,267.6400146484375,269.0899963378906,10431200,0.0005219558189655249
2025-03-10,266.0400085449219,266.0400085449219,268.44000244140625,265.6400146484375,267.6199951171875,7593900,-0.008755937163287819
2025-03-11,269.1600036621094,269.1600036621094,269.7300109863281,268.44000244140625,268.4700012207031,8436600,0.011727541035094546
2025-03-12,270.3299865722656,270.3299865722656,271.2300109863281,268.3599853515625,268.4700012207031,7236200,0.004346793335703092
2025-03-13,275.1300048828125,275.1300048828125,275.3500061035156,271.54998779296875,271.57000732421875,13741500,0.017756144523255468
2025-03-14,275.239990234375,275.239990234375,276.29998779296875,274.6600036621094,276.2699890136719,13365000,0.00039975774946587883
2025-03-17,276.7300109863281,276.7300109863281,276.7900085449219,275.3900146484375,275.5400085449219,8583400,0.0054135329342379634
2025-03-18,279.9599914550781,279.9599914550781,280.2099914550781,278.9700012207031,279.8999938964844,9596500,0.011671955843306048
2025-03-19,281.1099853515625,281.1099853515625,281.4800109863281,279.0599975585937,279.8500061035156,8822200,0.004107707999658539
2025-03-20,280.75,280.75,280.8999938964844,279.42999267578125,279.489990234375,5863300,-0.0012805854303336028
2025-03-21,278.489990234375,278.489990234375,279.4599914550781,276.5899963378906,279.4599914550781,9359300,-0.008049901213267985
2025-03-24,277.25,277.25,279.0899963378906,276.8599853515625,278.9100036621094,7870100,-0.004452548665506595
2025-03-25,278.4700012207031,278.4700012207031,279.9599914550781,278.2699890136719,278.7799987792969,5090200,0.004400365088198743
2025-03-26,278.239990234375,278.239990234375,279.0199890136719,277.7799987792969,278.92999267578125,3717500,-0.0008259812019960622
2025-03-27,281.9700012207031,281.9700012207031,282.07000732421875,279.5899963378906,280.54998779296875,8476300,0.013405732882559862
2025-03-28,284.0599975585937,284.0599975585937,284.6400146484375,282.8599853515625,283.82000732421875,9563700,0.007412123023167627
2025-03-31,288.1400146484375,288.1400146484375,288.3900146484375,285.8500061035156,287.5299987792969,13925100,0.014363222998346359
2025-04-01,287.57000732421875,287.57000732421875,289.1300048828125,285.9100036621094,288.5400085449219,15923600,-0.0019782303576065807
2025-04-02,288.1600036621094,288.1600036621094,289.0299987792969,287.3599853515625,288.2799987792969,11074800,0.0020516615880092903
2025-04-03,286.4200134277344,286.4200134277344,289.0899963378906,282.45001220703125,282.7799987792969,20524400,-0.006038278082531101
2025-04-04,279.7200012207031,279.7200012207031,284.0299987792969,278.0199890136719,283.6400146484375,21517200,-0.02339226273628292
2025-04-07,273.7099914550781,273.7099914550781,280.1400146484375,272.5799865722656,278.8599853515625,19807000,-0.02148580630415131
2025-04-08,275.20001220703125,275.20001220703125,278.32000732421875,274.239990234375,277.8699951171875,12639500,0.005443793790763651
2025-04-09,285.3800048828125,285.3800048828125,285.8699951171875,281.0400085449219,282.2200012207031,25342200,0.03699125081478161
2025-04-10,292.3500061035156,292.3500061035156,292.8599853515625,287.2300109863281,288.8099975585937,19837800,0.0244235794430141
2025-04-11,297.92999267578125,297.92999267578125,299.2699890136719,296.8099975585937,297.9599914550781,21080100,0.019086664805096243
2025-04-14,296.2300109863281,296.2300109863281,296.5799865722656,294.5299987792969,295.5400085449219,12427600,-0.005705977012200658
2025-04-15,297.7799987792969,297.7799987792969,298.0199890136719,296.0899963378906,296.92999267578125,7924100,0.005232379352138938
2025-04-16,307.4700012207031,307.4700012207031,308.0599975585937,303.79998779296875,304.6499938964844,20778100,0.0325408102664011
2025-04-17,306.1199951171875,306.1199951171875,307.1300048828125,302.7300109863281,306.3099975585937,18287800,-0.004390692094044635
2025-04-21,315.5899963378906,315.5899963378906,316.4100036621094,313.95001220703125,315.0199890136719,20372300,0.03093558529908469
2025-04-22,311.1099853515625,311.1099853515625,317.6300048828125,310.3599853515625,317.489990234375,35242300,-0.014195668551963636
2025-04-23,303.6499938964844,303.6499938964844,304.739990234375,300.5899963378906,304.17999267578125,25421500,-0.023978630729734163
2025-04-24,308.07000732421875,308.07000732421875,308.5,304.7099914550781,306.9800109863281,10845000,0.014556277018207942
2025-04-25,304.7300109863281,304.7300109863281,305.3699951171875,301.010009765625,301.7799987792969,10691600,-0.010841679678267213
2025-04-28,309.07000732421875,309.07000732421875,309.1099853515625,302.9700012207031,304.1499938964844,9375500,0.01424210344049559
2025-04-29,306.0599975585937,306.0599975585937,306.95001220703125,304.0,305.8099975585937,6852100,-0.009738925467677295
2025-04-30,303.7699890136719,303.7699890136719,306.07000732421875,303.44000244140625,304.6099853515625,8331900,-0.007482221012837242
2025-05-01,297.4599914550781,297.4599914550781,297.94000244140625,295.32000732421875,297.4100036621094,14969100,-0.02077228754256477
2025-05-02,297.9800109863281,297.9800109863281,300.8500061035156,297.0299987792969,300.1700134277344,8678400,0.0017481999132260562
2025-05-05,306.8800048828125,306.8800048828125,307.6499938964844,304.67999267578125,305.9200134277344,8924000,0.029867754776654154
2025-05-06,315.4800109863281,315.4800109863281,315.6199951171875,311.3999938964844,313.1199951171875,11445300,0.02802400275899264
2025-05-07,310.75,310.75,313.260009765625,310.0799865722656,312.1000061035156,7888300,-0.014993060801348546
2025-05-08,304.6300048828125,304.6300048828125,310.4800109863281,303.04998779296875,309.760009765625,11927600,-0.0196942722998793
2025-05-09,306.8399963378906,306.8399963378906,308.57000732421875,306.010009765625,307.7900085449219,6913100,0.007254674259445482
2025-05-12,298.19000244140625,298.19000244140625,299.4700012207031,296.82000732421875,298.3299865722656,14375900,-0.028190568373488878
2025-05-13,299.4599914550781,299.4599914550781,300.29998779296875,297.239990234375,299.0199890136719,10233600,0.004258992599597278
2025-05-14,293.1600036621094,293.1600036621094,294.79998779296875,291.9599914550781,293.6700134277344,14800600,-0.021037827999516923
2025-05-15,297.8399963378906,297.8399963378906,297.8999938964844,293.75,294.1000061035156,13497700,0.015963953531585195
2025-05-16,294.239990234375,294.239990234375,294.5799865722656,291.7799987792969,292.6199951171875,14173000,-0.012087047232674286
2025-05-19,298.0299987792969,298.0299987792969,298.5799865722656,296.4800109863281,297.8500061035156,11656300,0.012880671121226372
2025-05-20,303.5799865722656,303.5799865722656,303.67999267578125,298.29998779296875,298.3500061035156,12851000,0.0186222454642182
2025-05-21,305.82000732421875,305.82000732421875,306.4599914550781,303.6700134277344,304.54998779296875,12414500,0.007378683875855163
2025-05-22,303.1099853515625,303.1099853515625,305.2799987792969,302.1000061035156,305.0899963378906,9704200,-0.008861493387459118
2025-05-23,309.75,309.75,310.25,307.4700012207031,308.8599853515625,13339500,0.021906288045034472
2025-05-27,304.5,304.5,304.8800048828125,302.739990234375,303.8099975585937,9578500,-0.016949152542372836
2025-05-28,303.8099975585937,303.8099975585937,304.989990234375,303.0599975585937,304.6400146484375,8803300,-0.002266017869971493
2025-05-29,305.6099853515625,305.6099853515625,306.8900146484375,304.4599914550781,305.739990234375,9487900,0.0059247154716219885
2025-05-30,303.6000061035156,303.6000061035156,304.0199890136719,301.5,303.6400146484375,9553300,-0.006576942326457891
2025-06-02,311.6700134277344,311.6700134277344,311.7200012207031,308.7200012207031,309.2099914550781,13593200,0.026581051258171673
2025-06-03,308.9100036621094,308.9100036621094,309.5599975585937,307.1499938964844,309.5599975585937,9315100,-0.008855551213511115
2025-06-04,310.8999938964844,310.8999938964844,311.8800048828125,308.739990234375,309.4100036621094,7462500,0.006441974072654677
2025-06-05,309.3299865722656,309.3299865722656,312.20001220703125,307.6499938964844,311.239990234375,10817800,-0.00504987891618125
2025-06-06,305.17999267578125,305.17999267578125,309.20001220703125,305.1000061035156,309.0899963378906,7787500,-0.013416073696802311
2025-06-09,306.6199951171875,306.6199951171875,307.6099853515625,305.0599975585937,305.3900146484375,7159000,0.004718534884218695
2025-06-10,306.7099914550781,306.7099914550781,308.6000061035156,305.8699951171875,308.3099975585937,7071700,0.000293510988597534
2025-06-11,308.3699951171875,308.3699951171875,308.6199951171875,305.8500061035156,307.5,9248800,0.005412290790508978
2025-06-12,312.20001220703125,312.20001220703125,313.1000061035156,311.1499938964844,311.739990234375,11531400,0.0124202002480438
2025-06-13,316.2900085449219,316.2900085449219,317.6000061035156,315.0400085449219,317.260009765625,16592900,0.013100564311248064
2025-06-16,311.7799987792969,311.7799987792969,314.8699951171875,311.6499938964844,314.79998779296875,12848400,-0.01425909653729851
2025-06-17,311.94000244140625,311.94000244140625,313.0,310.1199951171875,312.6600036621094,8234100,0.0005131941200071655
2025-06-18,310.260009765625,310.260009765625,312.9800109863281,309.8599853515625,312.8900146484375,9370800,-0.005385627565021256
2025-06-20,310.1300048828125,310.1300048828125,310.8900146484375,309.25,309.3299865722656,8794700,-0.00041901914110908933
2025-06-23,311.0799865722656,311.0799865722656,312.6700134277344,310.3099975585937,310.3399963378906,12687900,0.0030631724583116693
2025-06-24,306.19000244140625,306.19000244140625,306.3399963378906,303.5400085449219,305.07000732421875,12035200,-0.015719378751237634
2025-06-25,307.1199951171875,307.1199951171875,307.3599853515625,305.1199951171875,305.3099975585937,6733200,0.003037305817845004
2025-06-26,306.7799987792969,306.7799987792969,307.2799987792969,304.8599853515625,305.7699890136719,6787500,-0.0011070472235482631
2025-06-27,301.2200012207031,301.2200012207031,302.3599853515625,299.8900146484375,300.0299987792969,13301300,-0.018123728993798327
2025-06-30,304.8299865722656,304.8299865722656,304.9200134277344,301.95001220703125,302.3900146484375,8192100,0.01198454729743359
2025-07-01,307.54998779296875,307.54998779296875,309.0,307.3599853515625,308.5599975585937,9335600,0.008923010663382636
2025-07-02,309.25,309.25,309.3999938964844,306.9599914550781,308.0400085449219,8316400,0.005527596405484614
2025-07-03,307.1400146484375,307.1400146484375,307.57000732421875,306.1499938964844,307.04998779296875,5275800,-0.006822911403597365
2025-07-07,307.3699951171875,307.3699951171875,307.7099914550781,304.5299987792969,305.07000732421875,7351600,0.000748780548875283
2025-07-08,304.1600036621094,304.1600036621094,306.45001220703125,302.7699890136719,306.29998779296875,11840500,-0.010443411868664265
2025-07-09,305.5199890136719,305.5199890136719,305.5400085449219,303.2300109863281,303.5799865722656,10644100,0.004471282664348264
2025-07-10,306.20001220703125,306.20001220703125,306.510009765625,304.82000732421875,306.1099853515625,7053700,0.0022257895319868215
2025-07-11,309.1400146484375,309.1400146484375,310.2799987792969,308.5199890136719,308.8599853515625,9187300,0.009601575193336043
2025-07-14,308.010009765625,308.010009765625,309.3800048828125,307.7300109863281,309.07000732421875,5772900,-0.0036553174266280575
2025-07-15,306.7300109863281,306.7300109863281,308.739990234375,305.7900085449219,307.7300109863281,8149000,-0.004155705135267751
2025-07-16,308.260009765625,308.260009765625,311.0899963378906,305.7300109863281,307.1099853515625,17693100,0.004988096125243757
2025-07-17,307.5899963378906,307.5899963378906,307.6700134277344,305.1199951171875,305.5,6642300,-0.0021735334020257513
2025-07-18,308.3900146484375,308.3900146484375,309.3699951171875,308.32000732421875,309.239990234375,5574300,0.002600924347578637
2025-07-21,313.1300048828125,313.1300048828125,313.3099975585937,311.6099853515625,311.8800048828125,10995800,0.015370115792427752
2025-07-22,316.1000061035156,316.1000061035156,316.239990234375,313.6199951171875,314.4800109863281,13691800,0.009484882235462067
2025-07-23,312.17999267578125,312.17999267578125,314.9599914550781,311.4200134277344,314.0,10547500,-0.01240118112003663
2025-07-24,310.2699890136719,310.2699890136719,310.989990234375,309.0599975585937,309.2900085449219,7698800,-0.006118276977772341
2025-07-25,307.3999938964844,307.3999938964844,308.3099975585937,306.20001220703125,307.82000732421875,9376400,-0.0092499926477293
2025-07-28,305.4100036621094,305.4100036621094,306.5799865722656,304.04998779296875,306.44000244140625,9275400,-0.00647361832754334
2025-07-29,306.25,306.25,307.0299987792969,304.989990234375,305.79998779296875,5741100,0.002750389076383808
2025-07-30,300.9599914550781,300.9599914550781,304.6499938964844,300.9599914550781,304.4200134277344,13459600,-0.017273497289540862
2025-07-31,302.9599914550781,302.9599914550781,304.6099853515625,302.8599853515625,304.5899963378906,8981000,0.0066454015709211944
2025-08-01,309.1099853515625,309.1099853515625,309.54998779296875,307.45001220703125,308.6099853515625,12843400,0.020299689958884537
2025-08-04,310.9100036621094,310.9100036621094,311.739990234375,310.3699951171875,310.79998779296875,7639000,0.005823229257701401
2025-08-05,311.1600036621094,311.1600036621094,312.239990234375,310.2200012207031,310.3699951171875,6997700,0.0008040912066364925
2025-08-06,310.5,310.5,311.239990234375,309.8399963378906,310.32000732421875,7418200,-0.00212110700071233
2025-08-07,313.1199951171875,313.1199951171875,313.1400146484375,310.70001220703125,311.7200012207031,10891500,0.008437987494967825
2025-08-08,313.04998779296875,313.04998779296875,313.5299987792969,311.0,312.3500061035156,19886800,-0.00022357985855403495
2025-08-11,308.54998779296875,308.54998779296875,309.6600036621094,307.6300048828125,308.6199951171875,10326700,-0.014374701087597641
2025-08-12,308.2699890136719,308.2699890136719,309.3099975585937,306.7099914550781,308.2200012207031,9697400,-0.0009074665058316222
2025-08-13,309.2099914550781,309.2099914550781,310.3900146484375,308.45001220703125,309.1000061035156,4718600,0.0030492830145867345
2025-08-14,307.25,307.25,308.3399963378906,306.5199890136719,307.92999267578125,5817700,-0.006338706734070332
2025-08-15,307.42999267578125,307.42999267578125,308.0,306.8699951171875,307.3399963378906,5990100,0.0005858183101099534
2025-08-18,306.95001220703125,306.95001220703125,307.8900146484375,306.6300048828125,307.7900085449219,6150100,-0.0015612675411803556
2025-08-19,305.2699890136719,305.2699890136719,307.4800109863281,305.19000244140625,306.760009765625,5029900,-0.005473279447945512
2025-08-20,308.3599853515625,308.3599853515625,308.4700012207031,307.3999938964844,307.5400085449219,6515400,0.010122175284489776
2025-08-21,307.2900085449219,307.2900085449219,308.1499938964844,307.0299987792969,307.8599853515625,4809000,-0.0034698951143765644
2025-08-22,310.5799865722656,310.5799865722656,311.0199890136719,306.42999267578125,306.5199890136719,8526500,0.01070642694476942
2025-08-25,309.8299865722656,309.8299865722656,310.8399963378906,309.6700134277344,309.6700134277344,4044400,-0.0024148368614391735
2025-08-26,312.0799865722656,312.0799865722656,312.2099914550781,310.3099975585937,310.6199951171875,11698500,0.007262047243691283
2025-08-27,312.7099914550781,312.7099914550781,312.9100036621094,310.7699890136719,311.3900146484375,4320100,0.0020187288833615202
2025-08-28,315.0299987792969,315.0299987792969,315.0799865722656,313.07000732421875,313.32000732421875,9610200,0.007419038046796889
2025-08-29,318.07000732421875,318.07000732421875,318.0899963378906,314.6400146484375,314.7200012207031,15642600,0.00964990177666114
2025-09-02,325.5899963378906,325.5899963378906,325.9200134277344,320.239990234375,320.82000732421875,21247500,0.023642559312442524
2025-09-03,328.1400146484375,328.1400146484375,329.45001220703125,326.7300109863281,327.760009765625,16062200,0.007831992196408066
2025-09-04,326.69000244140625,326.69000244140625,327.5599975585937,325.3500061035156,327.0299987792969,11703100,-0.004418882618094533
2025-09-05,331.04998779296875,331.04998779296875,331.44000244140625,328.92999267578125,329.5299987792969,16065200,0.01334594055214322
2025-09-08,334.82000732421875,334.82000732421875,335.6700134277344,333.2300109863281,333.6600036621094,18617300,0.011388067271604019
2025-09-09,334.0599975585937,334.0599975585937,338.3099975585937,333.8500061035156,337.0299987792969,21641900,-0.002269905468609279
2025-09-10,335.260009765625,335.260009765625,336.5,326.19000244140625,335.7300109863281,11945700,0.0035922056391106683
2025-09-11,334.760009765625,334.760009765625,335.1600036621094,332.9700012207031,333.3699951171875,9082600,-0.0014913797811720864
2025-09-12,335.4200134277344,335.4200134277344,336.3900146484375,335.2300109863281,335.8800048828125,9619700,0.0019715725978484144
2025-09-15,338.9100036621094,338.9100036621094,339.2799987792969,336.2300109863281,336.3099975585937,10569900,0.01040483601055886
2025-09-16,339.5899963378906,339.5899963378906,340.8800048828125,338.6199951171875,340.0899963378906,12161500,0.0020064107533963593
2025-09-17,336.9700012207031,336.9700012207031,341.239990234375,335.5199890136719,338.5299987792969,16535300,-0.007715171664187115
2025-09-18,335.6199951171875,335.6199951171875,336.32000732421875,333.8099975585937,336.2200012207031,14913300,-0.0040063094596702875
2025-09-19,339.17999267578125,339.17999267578125,339.2300109863281,336.3099975585937,336.510009765625,14982600,0.010607227252210416
2025-09-22,345.04998779296875,345.04998779296875,345.07000732421875,341.8399963378906,342.75,12386400,0.0
2025-09-23,346.4599914550781,346.4599914550781,348.75,345.32000732421875,348.2300109863281,18384000,0.004086375052867464
2025-09-24,343.32000732421875,343.32000732421875,346.8299865722656,342.1400146484375,346.70001220703125,12709100,-0.009063049726670935
2025-09-25,344.75,344.75,345.8299865722656,342.4700012207031,344.3900146484375,12639600,0.004165188877066628
2025-09-26,346.739990234375,346.739990234375,348.25,345.30999755859375,345.8299865722656,11698200,0.00577227044053652
2025-09-29,352.4599914550781,352.4599914550781,352.8299865722656,351.2799987792969,351.7900085449219,15719600,0.016496514338703028
2025-09-30,355.4700012207031,355.4700012207031,355.57000732421875,350.8699951171875,351.1300048828125,13312400,0.008540004081594166
2025-10-01,356.0299987792969,356.0299987792969,356.9700012207031,354.7900085449219,356.1700134277344,15573600,0.0015753722020723782
2025-10-02,354.7900085449219,354.7900085449219,358.6700134277344,351.3999938964844,358.260009765625,16162100,-0.003482825151325697
2025-10-03,357.6400146484375,357.6400146484375,358.1400146484375,355.79998779296875,357.1199951171875,14464000,0.008032937892485048
2025-10-06,364.3800048828125,364.3800048828125,365.29998779296875,361.3699951171875,362.1600036621094,17093700,0.01884573861512795
2025-10-07,366.260009765625,366.260009765625,367.2699890136719,364.54998779296875,366.510009765625,16836800,0.005159462258136571
2025-10-08,372.29998779296875,372.29998779296875,373.57000732421875,370.5,371.6499938964844,28052300,0.01649095687844504
2025-10-09,365.42999267578125,365.42999267578125,373.2200012207031,362.8299865722656,373.1400146484375,33674800,-0.018452848086064955
2025-10-10,369.1199951171875,369.1199951171875,370.30999755859375,365.44000244140625,367.5400085449219,24192800,0.010097700011942212
2025-10-13,378.0899963378906,378.0899963378906,378.8599853515625,375.5799865722656,376.5,18514400,0.02430104394061705
2025-10-14,380.7900085449219,380.7900085449219,382.3800048828125,377.8999938964844,378.2099914550781,18409600,0.007141189222626965
2025-10-15,387.3900146484375,387.3900146484375,387.760009765625,384.5899963378906,385.92999267578125,20598300,0.017332403569977117
2025-10-16,396.45001220703125,396.45001220703125,396.8699951171875,390.3999938964844,391.1499938964844,33621400,0.02338727694573084
2025-10-17,388.989990234375,388.989990234375,397.2799987792969,385.2200012207031,397.1400146484375,62025000,-0.01881705572696646
2025-10-20,403.1499938964844,403.1499938964844,403.29998779296875,394.20001220703125,397.45001220703125,34523000,0.03640197438905224
2025-10-21,377.239990234375,377.239990234375,388.8900146484375,375.6499938964844,386.5400085449219,54101400,-0.06426889260666147
2025-10-22,377.2799987792969,377.2799987792969,378.4700012207031,368.92999267578125,372.75,30524100,0.00010605594835544352
2025-10-23,378.7900085449219,378.7900085449219,382.25,378.6499938964844,381.4599914550781,13695500,0.004002358382396931
2025-10-24,377.5199890136719,377.5199890136719,380.7699890136719,376.80999755859375,378.510009765625,13263800,-0.0033528327110016187
2025-10-27,367.010009765625,367.010009765625,371.5899963378906,365.3399963378906,371.1300048828125,23657600,-0.027839530498784404
2025-10-28,364.3800048828125,364.3800048828125,365.29998779296875,360.1199951171875,361.80999755859375,19257600,-0.007166030388359279
2025-10-29,363.0,363.0,370.0799865722656,361.3599853515625,369.6499938964844,18891800,-0.0037872684129753864
2025-10-30,370.1300048828125,370.1300048828125,370.3599853515625,364.5,365.0899963378906,14812800,0.01964188672951095
2025-10-31,368.1199951171875,368.1199951171875,370.6600036621094,365.5,370.4700012207031,11077900,-0.005430550723012573
2025-11-03,368.7799987792969,368.7799987792969,370.8399963378906,367.5400085449219,368.9100036621094,7254300,0.0017929035935666526
2025-11-04,362.32000732421875,362.32000732421875,365.739990234375,361.3900146484375,363.4800109863281,11540100,-0.017517195825319742
2025-11-05,366.510009765625,366.510009765625,367.1000061035156,364.6499938964844,366.3900146484375,8357300,0.011564369498527016
2025-11-06,366.07000732421875,366.07000732421875,368.17999267578125,364.70001220703125,367.1600036621094,6891100,-0.0012005195756799036
2025-11-07,368.30999755859375,368.30999755859375,370.4200134277344,366.4200134277344,367.94000244140625,11060400,0.006119021470095687
2025-11-10,378.3800048828125,378.3800048828125,378.6600036621094,374.7799987792969,375.92999267578125,13456200,0.02734111859838051
2025-11-11,379.8699951171875,379.8699951171875,380.3999938964844,376.8699951171875,379.9800109863281,10753200,0.003937814406542062
2025-11-12,385.989990234375,385.989990234375,387.4599914550781,379.44000244140625,380.07000732421875,16203700,0.016110762091908537
2025-11-13,382.8699951171875,382.8699951171875,388.17999267578125,381.2099914550781,387.2900085449219,15867900,-0.008083098515826892
2025-11-14,375.9599914550781,375.9599914550781,378.20001220703125,370.8900146484375,372.8699951171875,15198000,-0.018047911171504505
2025-11-17,371.6499938964844,371.6499938964844,375.4599914550781,368.5199890136719,374.0400085449219,13295200,-0.011463979297139493
2025-11-18,374.3500061035156,374.3500061035156,375.5400085449219,371.6199951171875,374.8299865722656,7818800,0.007264932736103624
2025-11-19,374.9599914550781,374.9599914550781,380.1700134277344,373.0299987792969,377.7799987792969,10980400,0.0016294519610446923
2025-11-20,374.8500061035156,374.8500061035156,377.69000244140625,371.8500061035156,375.2900085449219,10506500,-0.0002933255655774847
2025-11-21,374.2699890136719,374.2699890136719,377.2300109863281,372.94000244140625,374.0299987792969,13194600,-0.0015473311468576778
2025-11-24,380.20001220703125,380.20001220703125,380.2799987792969,374.19000244140625,374.8800048828125,10085300,0.01584423909859023
2025-11-25,380.0799865722656,380.0799865722656,382.5199890136719,378.05999755859375,380.260009765625,10462800,-0.00031569077041548876
2025-11-26,383.1199951171875,383.1199951171875,383.7799987792969,380.4599914550781,381.05999755859375,9184100,0.007998338908444147
2025-11-28,387.8800048828125,387.8800048828125,388.0,384.989990234375,385.9800109863281,7175400,0.012424331348639184
2025-12-01,389.75,389.75,390.70001220703125,388.05999755859375,390.6099853515625,11177100,0.004821066034977672
2025-12-02,387.239990234375,387.239990234375,388.9800109863281,382.9100036621094,388.8699951171875,8103900,-0.006440050713598433
2025-12-03,386.8800048828125,386.8800048828125,390.1300048828125,385.8299865722656,388.4599914550781,7886800,-0.0009296182229129313
2025-12-04,387.1300048828125,387.1300048828125,388.0,385.3999938964844,386.9200134277344,6754400,0.0006461951944911615
2025-12-05,386.44000244140625,386.44000244140625,391.739990234375,386.17999267578125,389.1199951171875,9449800,-0.0017823532991587676
2025-12-08,385.4200134277344,385.4200134277344,387.239990234375,384.010009765625,387.0199890136719,6822100,-0.002639449868615862
2025-12-09,387.3999938964844,387.3999938964844,388.2099914550781,385.2699890136719,385.6199951171875,6358700,0.005137202012788666
2025-12-10,389.04998779296875,389.04998779296875,389.760009765625,384.5,385.95001220703125,9120500,0.004259147967166088
2025-12-11,393.239990234375,393.239990234375,394.0899963378906,388.5,389.0199890136719,11240600,0.010769830543307712
2025-12-12,395.44000244140625,395.44000244140625,400.3900146484375,391.4700012207031,399.1600036621094,16792100,0.005594579039939429
2025-12-15,395.79998779296875,395.79998779296875,398.7099914550781,394.07000732421875,397.760009765625,11345000,0.0009103412637567754
2025-12-16,395.8900146484375,395.8900146484375,398.7099914550781,394.5899963378906,397.75,9201600,0.00022745542760316262
2025-12-17,399.2900085449219,399.2900085449219,399.9800109863281,397.25,398.0799865722656,10456900,0.008588228474273762
2025-12-18,398.57000732421875,398.57000732421875,402.2099914550781,396.04998779296875,398.2799987792969,11837600,-0.0018032036998043566
2025-12-19,399.0199890136719,399.0199890136719,400.6300048828125,397.1700134277344,397.9200134277344,9894800,0.0011289903434381632
2025-12-22,408.2300109863281,408.2300109863281,408.5199890136719,405.7200012207031,406.9800109863281,14202100,0.02308160549906857
2025-12-23,413.6400146484375,413.6400146484375,413.760009765625,407.1000061035156,410.29998779296875,13193300,0.013252341857567629
2025-12-24,411.92999267578125,411.92999267578125,412.6300048828125,408.8299865722656,412.25,6718400,-0.004134082564786756
2025-12-26,416.739990234375,416.739990234375,418.45001220703125,414.75,416.4800109863281,10476200,0.011676735474757116
2025-12-29,398.6000061035156,398.6000061035156,403.760009765625,395.3299865722656,403.6600036621094,20679200,-0.0435283019531133
2025-12-30,398.8900146484375,398.8900146484375,403.79998779296875,398.55999755859375,403.6000061035156,10179000,0.0007275678386380324
2025-12-31,396.30999755859375,396.30999755859375,400.1300048828125,395.5899963378906,398.6000061035156,10194700,-0.006467991163222386
2026-01-02,398.2799987792969,398.2799987792969,401.82000732421875,396.25,401.6199951171875,10372600,0.004970859258759619
2026-01-05,408.760009765625,408.760009765625,409.7200012207031,406.1499938964844,406.3900146484375,13410600,0.026313174195160993
2026-01-06,413.17999267578125,413.17999267578125,413.4800109863281,410.30999755859375,410.6700134277344,11640900,0.010813149047262716
2026-01-07,409.2300109863281,409.2300109863281,410.80999755859375,406.6499938964844,408.6300048828125,10589500,-0.009559953917111952
2026-01-08,411.489990234375,411.489990234375,411.6400146484375,406.3999938964844,406.9700012207031,8705900,0.005522515913727544
2026-01-09,414.4700012207031,414.4700012207031,415.2900085449219,411.79998779296875,413.2200012207031,14011200,0.007242001159325273
2026-01-12,422.2300109863281,422.2300109863281,425.739990234375,421.5199890136719,421.5199890136719,20904100,0.018722729613168898
2026-01-13,421.6300048828125,421.6300048828125,426.1199951171875,420.07000732421875,424.5899963378906,16681200,-0.0014210408732292512
2026-01-14,425.94000244140625,425.94000244140625,426.8599853515625,422.8399963378906,426.0299987792969,18305500,0.010222226854541994
2026-01-15,423.3299865722656,423.3299865722656,425.05999755859375,422.7900085449219,423.0199890136719,14253200,-0.006127660830587689
2026-01-16,421.2900085449219,421.2900085449219,424.79998779296875,417.0400085449219,422.79998779296875,20951600,-0.004818883830700504
2026-01-20,437.2300109863281,437.2300109863281,438.1400146484375,434.1000061035156,436.69000244140625,21308100,0.03783617488689295
2026-01-21,443.6000061035156,443.6000061035156,448.0,437.1099853515625,446.8699951171875,38830200,0.014568979615140476
2026-01-22,451.7900085449219,451.7900085449219,452.9800109863281,443.55999755859375,443.8399963378906,19251200,0.01846258414950319
2026-01-23,458.0,458.0,458.75,453.45001220703125,454.1099853515625,21531900,0.013745304981574558
2026-01-26,464.70001220703125,464.70001220703125,469.2799987792969,460.3599853515625,466.7799987792969,34156000,0.014628847613605389
2026-01-27,476.1000061035156,476.1000061035156,476.489990234375,463.95001220703125,465.07000732421875,28386200,0.024531942321975864
2026-01-28,494.55999755859375,494.55999755859375,495.8800048828125,481.25,483.3900146484375,44154600,0.038773348494905324
2026-01-29,495.8999938964844,495.8999938964844,509.70001220703125,468.510009765625,509.510009765625,69970900,0.0027094717415592218
2026-01-30,444.95001220703125,444.95001220703125,470.05999755859375,430.79998779296875,466.25,86593500,-0.10274245274560045
2026-02-02,427.1300048828125,427.1300048828125,440.7799987792969,422.54998779296875,434.010009765625,41626200,-0.04004945911975222
2026-02-03,454.2900085449219,454.2900085449219,459.0,448.30999755859375,452.6300048828125,28703500,0.06358720612372104
2026-02-04,453.9700012207031,453.9700012207031,463.1000061035156,445.7099914550781,462.4700012207031,24427900,-0.0007044119795716064
2026-02-05,441.8800048828125,441.8800048828125,450.8999938964844,440.3500061035156,444.2900085449219,17718100,-0.026631707613677613
2026-02-06,455.4599914550781,455.4599914550781,456.92999267578125,450.0299987792969,450.7300109863281,12663900,0.03073229479090611
2026-02-09,467.0299987792969,467.0299987792969,467.55999755859375,460.8500061035156,461.3900146484375,12330900,0.02540290594406658
2026-02-10,462.3999938964844,462.3999938964844,466.75,459.5199890136719,465.9599914550781,7861600,-0.009913720520981939
2026-02-11,467.6300048828125,467.6300048828125,468.6099853515625,462.82000732421875,466.0,11209600,0.011310577541873812
2026-02-12,451.3900146484375,451.3900146484375,466.3800048828125,448.05999755859375,464.8999938964844,20488800,-0.03472828959819363
2026-02-13,462.6199951171875,462.6199951171875,463.8399963378906,456.25,459.7300109863281,12359300,0.024878663914389865
2026-02-17,448.20001220703125,448.20001220703125,451.3699951171875,445.5299987792969,450.260009765625,10976100,-0.0311702543391007
2026-02-18,458.2799987792969,458.2799987792969,460.510009765625,455.32000732421875,455.80999755859375,10226300,0.022489929267582198
2026-02-19,459.55999755859375,459.55999755859375,461.510009765625,456.0299987792969,457.3399963378906,8411400,0.0027930496262249527
2026-02-20,468.6199951171875,468.6199951171875,468.6199951171875,458.3399963378906,463.25,14316300,0.019714504323102178
2026-02-23,481.2799987792969,481.2799987792969,481.4599914550781,474.6099853515625,474.6499938964844,17441600,0.027015500392687075
2026-02-24,474.6099853515625,474.6099853515625,475.44000244140625,469.54998779296875,470.0899963378906,14147100,-0.01385890426498504
2026-02-25,473.4200134277344,473.4200134277344,479.5299987792969,472.8999938964844,475.739990234375,12954300,-0.0025072627221415233
2026-02-26,477.4800109863281,477.4800109863281,477.8299865722656,442.0400085449219,474.95001220703125,12375000,0.008575889154321725
2026-02-27,483.75,483.75,483.8999938964844,479.1099853515625,480.75,16795100,0.01313141674919538
2026-03-02,490.0,490.0,492.1499938964844,483.2799987792969,490.1000061035156,19916600,0.012919896640826822
2026-03-03,468.1400146484375,468.1400146484375,473.20001220703125,458.92999267578125,472.8299865722656,22591500,-0.04461221500318879
2026-03-04,471.79998779296875,471.79998779296875,476.4200134277344,469.3900146484375,474.82000732421875,9985900,0.007818116439543887
2026-03-05,466.1300048828125,466.1300048828125,470.6700134277344,463.9100036621094,470.45001220703125,11674800,-0.012017768242597593
2026-03-06,473.510009765625,473.510009765625,475.4599914550781,467.07000732421875,469.0400085449219,10489800,0.01583250339069653
2026-03-09,472.5299987792969,472.5299987792969,472.67999267578125,464.7900085449219,468.0899963378906,8829800,-0.0020696732193965506
2026-03-10,477.8599853515625,477.8599853515625,481.30999755859375,474.2099914550781,479.739990234375,9616800,0.01127967872100144
2026-03-11,476.239990234375,476.239990234375,477.45001220703125,473.1300048828125,476.1300048828125,7522900,-0.003390104145245987
2026-03-12,466.8800048828125,466.8800048828125,475.0199890136719,466.6000061035156,475.0199890136719,11900600,-0.019653925633074443
2026-03-13,460.8399963378906,460.8399963378906,470.1000061035156,460.2200012207031,469.30999755859375,11741600,-0.012936961278600778
2026-03-16,460.42999267578125,460.42999267578125,462.79998779296875,456.9100036621094,461.2699890136719,8964100,-0.0008896876689686861
2026-03-17,459.2699890136719,459.2699890136719,462.2099914550781,456.8699951171875,460.510009765625,7610100,-0.002519392047785618
2026-03-18,444.739990234375,444.739990234375,450.05999755859375,444.3900146484375,446.6600036621094,18375600,-0.03163716142328721
2026-03-19,426.4100036621094,426.4100036621094,428.2699890136719,416.79998779296875,420.3599853515625,30206000,-0.041215062676522196
2026-03-20,413.3800048828125,413.3800048828125,428.5899963378906,411.2300109863281,428.0899963378906,27204900,-0.0305574415876555
2026-03-23,404.0400085449219,404.0400085449219,414.5400085449219,399.6400146484375,405.1199951171875,36796800,-0.02259421410703788
2026-03-24,404.1300048828125,404.1300048828125,407.2900085449219,399.20001220703125,400.239990234375,17478500,0.00022274115430986896
2026-03-25,416.2900085449219,416.2900085449219,420.6600036621094,412.25,419.7099914550781,15713200,0.030089336389747867
2026-03-26,400.6400146484375,400.6400146484375,411.3699951171875,400.260009765625,408.5299987792969,15756300,-0.0375939695290467
2026-03-27,414.70001220703125,414.70001220703125,418.3999938964844,405.4100036621094,406.20001220703125,16580700,0.035093842463368
2026-03-30,414.5799865722656,414.5799865722656,420.1000061035156,412.6600036621094,419.5400085449219,13172100,-0.0002894276132928697
2026-03-31,430.2900085449219,430.2900085449219,430.57000732421875,419.5899963378906,420.0799865722656,14534300,0.037893826237359374
2026-04-01,437.82000732421875,437.82000732421875,440.19000244140625,433.760009765625,435.0,14133100,0.017499822514495555
2026-04-02,429.4100036621094,429.4100036621094,431.6700134277344,421.1700134277344,422.2900085449219,10838600,-0.019208815315471695
2026-04-06,427.6499938964844,427.6499938964844,431.489990234375,426.7099914550781,428.8699951171875,5417300,-0.004098669687746526
2026-04-07,431.80999755859375,431.80999755859375,433.42999267578125,423.1000061035156,427.8999938964844,7263500,0.009727589667910319
2026-04-08,434.5299987792969,434.5299987792969,440.44000244140625,431.30999755859375,439.9800109863281,9689700,0.00629906958171822
2026-04-09,437.9100036621094,437.9100036621094,440.9100036621094,435.8699951171875,436.4700012207031,6748500,0.007778530578574028
2026-04-10,437.1300048828125,437.1300048828125,440.3500061035156,436.0,438.5899963378906,6193300,-0.0017811851128632927
2026-04-13,435.3599853515625,435.3599853515625,436.2200012207031,431.6300048828125,434.7799987792969,5549400,-0.004049183335572026
2026-04-14,445.0899963378906,445.0899963378906,445.17999267578125,439.0199890136719,439.32000732421875,8731700,0.022349346089928224
2026-04-15,440.4599914550781,440.4599914550781,443.739990234375,439.6000061035156,442.8800048828125,6455900,-0.010402401583740839
2026-04-16,440.0799865722656,440.0799865722656,442.9800109863281,438.17999267578125,442.1499938964844,5350100,-0.0008627455164704756
2026-04-17,445.92999267578125,445.92999267578125,448.70001220703125,445.32000732421875,445.6499938964844,9712000,0.013293051904224695
2026-04-20,442.0899963378906,442.0899963378906,443.4200134277344,440.04998779296875,443.1300048828125,8473000,-0.008611208936292747
2026-04-21,429.57000732421875,429.57000732421875,440.25,428.7099914550781,438.54998779296875,9480000,-0.028320000717914517
2026-04-22,435.260009765625,435.260009765625,437.1700134277344,433.7799987792969,436.2699890136719,5178100,0.013245809401008168
2026-04-23,431.0400085449219,431.0400085449219,435.2900085449219,428.2200012207031,433.9599914550781,4976400,-0.00969535708776803
2026-04-24,433.25,433.25,435.2799987792969,430.6499938964844,431.3399963378906,5924100,0.005127114447075254
2026-04-27,429.8900146484375,429.8900146484375,431.79998779296875,428.5199890136719,431.6600036621094,6105200,-0.007755303754327758
2026-04-28,421.9100036621094,421.9100036621094,422.5199890136719,418.3999938964844,420.7200012207031,7723400,-0.0185629131043068
2026-04-29,417.4100036621094,417.4100036621094,419.1700134277344,414.1600036621094,416.739990234375,6452600,-0.010665781709228828
2026-04-30,423.6600036621094,423.6600036621094,425.4599914550781,422.739990234375,425.3399963378906,6732800,0.014973287523456946
2026-05-01,423.17999267578125,423.17999267578125,427.92999267578125,421.0799865722656,421.4100036621094,5911500,-0.0011330099187530918
2026-05-04,414.7099914550781,414.7099914550781,420.8599853515625,413.2799987792969,418.8399963378906,7285700,-0.02001512681908002
2026-05-05,418.2699890136719,418.2699890136719,421.1600036621094,417.9100036621094,420.1499938964844,4279900,0.008584306218673232
2026-05-06,430.9599914550781,430.9599914550781,433.19000244140625,429.6000061035156,430.1499938964844,7013900,0.030339261182306565
2026-05-07,431.67999267578125,431.67999267578125,437.4200134277344,430.25,435.6099853515625,6816200,0.001670691560653026
2026-05-08,433.7699890136719,433.7699890136719,436.20001220703125,431.70001220703125,434.04998779296875,5380800,0.004841540894531038
2026-05-11,434.6499938964844,434.6499938964844,436.0400085449219,432.2099914550781,434.17999267578125,5569100,0.0020287362083613036
2026-05-12,432.92999267578125,432.92999267578125,432.9800109863281,425.8500061035156,430.70001220703125,6660900,-0.003957209812161522
2026-05-13,430.5,430.5,432.489990234375,428.75,430.5199890136719,4180300,-0.005612899814961714
2026-05-14,427.2099914550781,427.2099914550781,431.5400085449219,427.1000061035156,430.29998779296875,4021400,-0.007642296271595517
2026-05-15,417.2900085449219,417.2900085449219,419.25,414.1199951171875,417.6400146484375,9360400,-0.02322039069444226
2026-05-18,418.42999267578125,418.42999267578125,420.92999267578125,416.05999755859375,419.82000732421875,5628300,0.00273187497307803
2026-05-19,411.5,411.5,414.4700012207031,409.8800048828125,412.45001220703125,5419400,-0.016561892782745447
2026-05-20,417.3999938964844,417.3999938964844,417.989990234375,410.0799865722656,412.1400146484375,6005000,0.014337773746013083
2026-05-21,416.989990234375,416.989990234375,418.4200134277344,411.95001220703125,413.1400146484375,4679900,-0.0009822799906678004
2026-05-22,413.82000732421875,413.82000732421875,415.67999267578125,412.0,415.1700134277344,5528400,-0.0076020599640161945
2026-05-26,414.0,414.0,415.9800109863281,411.5,415.1600036621094,5098400,0.00043495402009452455
2026-05-27,408.489990234375,408.489990234375,409.25,404.29998779296875,404.3399963378906,6624600,-0.013309202332427494
2026-05-28,412.7699890136719,412.7699890136719,414.510009765625,405.4100036621094,406.4800109863281,7184100,0.010477609933210896
2026-05-29,417.1199951171875,417.1199951171875,421.82000732421875,415.0799865722656,415.6199951171875,7705700,0.010538571648365469
2026-06-01,411.260009765625,411.260009765625,412.6099853515625,408.239990234375,409.8599853515625,6158900,-0.014048680044494555
2026-06-02,411.95001220703125,411.95001220703125,414.3999938964844,411.1000061035156,414.0799865722656,3823900,0.001677776649860796
2026-06-03,407.8699951171875,407.8699951171875,409.3800048828125,406.2300109863281,408.3800048828125,5038000,-0.009904155768766576
2026-06-04,411.2699890136719,411.2699890136719,414.3699951171875,409.010009765625,413.3699951171875,4646500,0.008335974543818736
2026-06-05,396.239990234375,396.239990234375,404.7200012207031,395.9200134277344,404.3800048828125,11473900,-0.036545333189379026
2026-06-08,397.2699890136719,397.2699890136719,398.9800109863281,396.0299987792969,397.5199890136719,8057300,0.002599431669397134
2026-06-09,390.7799987792969,390.7799987792969,400.4800109863281,388.75,397.57000732421875,9567300,-0.01633647245916592
2026-06-10,374.5799865722656,374.5799865722656,384.2099914550781,374.54998779296875,380.75,13956200,-0.04145558180468856
2026-06-11,386.32000732421875,386.32000732421875,387.2099914550781,371.8800048828125,373.9599914550781,12622500,0.03134182597256352
2026-06-12,386.5400085449219,386.5400085449219,388.7699890136719,383.3500061035156,385.7300109863281,7532600,0.0005694792310315666
2026-06-15,396.54998779296875,396.54998779296875,401.0,396.1499938964844,399.489990234375,10477100,0.025896360083728753
2026-06-16,397.6300048828125,397.6300048828125,398.9599914550781,395.82000732421875,397.8299865722656,6004000,0.002723533282284807
2026-06-17,388.6000061035156,388.6000061035156,402.0400085449219,387.0799865722656,397.82000732421875,13343000,-0.02270955075927472
2026-06-18,387.1199951171875,387.1199951171875,392.5,385.6000061035156,391.239990234375,7627300,-0.003808571701190089
2026-06-22,384.5899963378906,384.5899963378906,386.4100036621094,382.6400146484375,384.25,7835100,-0.0065354381359996605
2026-06-23,377.32000732421875,377.32000732421875,380.3500061035156,377.1700134277344,377.7200012207031,7389600,-0.018903219228002643
2026-06-24,365.9200134277344,365.9200134277344,370.8999938964844,363.32000732421875,364.80999755859375,12741700,-0.030213064971899906
2026-06-25,369.4599914550781,369.4599914550781,371.0400085449219,366.79998779296875,368.989990234375,9137100,0.009674185334065832
2026-06-26,373.6300048828125,373.6300048828125,375.8500061035156,371.17999267578125,372.2699890136719,5603300,0.011286779419095394
2026-06-29,368.5799865722656,368.5799865722656,371.19000244140625,366.9700012207031,370.5799865722656,5006300,-0.013516094115971211
2026-06-30,368.3800048828125,368.3800048828125,372.8299865722656,368.260009765625,369.2200012207031,5302100,-0.0005425733809176769
2026-07-01,370.6000061035156,370.6000061035156,377.7799987792969,370.2099914550781,371.2099914550781,9058300,0.006026389031102086
2026-07-02,378.1300048828125,378.1300048828125,380.2699890136719,376.2900085449219,377.44000244140625,7592900,0.020318398961908235
2026-07-06,382.1300048828125,382.1300048828125,382.42999267578125,378.8299865722656,380.2099914550781,3906500,0.01057837238078907
2026-07-07,377.489990234375,377.489990234375,383.6000061035156,375.5199890136719,382.3900146484375,4815400,-0.012142502784779907
2026-07-08,374.45001220703125,374.45001220703125,375.4700012207031,368.95001220703125,373.1700134277344,7728500,-0.008053135463158334
2026-07-09,378.17999267578125,378.17999267578125,379.6499938964844,377.4100036621094,378.510009765625,4754600,0.009961224054354512
2026-07-10,377.010009765625,377.010009765625,377.54998779296875,373.70001220703125,375.0,5455400,-0.003093719744077794
2026-07-13,367.1300048828125,367.1300048828125,372.8900146484375,365.7699890136719,372.7699890136719,7161700,-0.02620621369961662
2026-07-14,372.1499938964844,372.1499938964844,376.2799987792969,370.9200134277344,374.5299987792969,6303400,0.013673600487310367
2026-07-15,372.3500061035156,372.3500061035156,374.489990234375,369.5,372.1099853515625,7683700,0.0005374505181017231
2026-07-16,364.9599914550781,364.9599914550781,368.42999267578125,364.04998779296875,367.45001220703125,9048000,-0.01984695723728025
2026-07-17,368.4100036621094,368.4100036621094,369.2099914550781,363.6000061035156,364.1099853515625,6456600,0.009453124418586922
2026-07-20,367.6000061035156,367.6000061035156,368.7900085449219,366.79998779296875,367.7900085449219,3922500,-0.0021986307389650905
2026-07-21,374.80999755859375,374.80999755859375,375.010009765625,371.07000732421875,371.70001220703125,6070600,0.019613686984128575
2026-07-22,379.1199951171875,379.1199951171875,382.2200012207031,378.8299865722656,379.07000732421875,7115100,0.011499153135369422
2026-07-23,371.5199890136719,371.5199890136719,373.0899963378906,370.5299987792969,372.3599853515625,9820600,-0.020046439653404247
2026-07-24,371.8999938964844,371.8999938964844,374.489990234375,371.0299987792969,371.260009765625,3852400,0.0010228383237773642
2026-07-27,374.6300048828125,374.6300048828125,375.5299987792969,372.9100036621094,373.8900146484375,3700000,0.007340712640850455
2026-07-28,369.3699951171875,369.3699951171875,371.2300109863281,367.9800109863281,369.6099853515625,4819300,-0.01404054586409964
2026-07-29,371.0799865722656,371.0799865722656,377.6199951171875,366.5299987792969,368.2900085449219,11839900,0.004629481218515252
2026-07-30,377.1600036621094,377.1600036621094,377.8599853515625,373.760009765625,374.1600036621094,5968400,0.016384653740035837
2026-07-31,371.5400085449219,371.5400085449219,372.010009765625,368.82000732421875,370.8399963378906,6825900,-0.014900824749758845
2026-08-03,371.7099914550781,371.7099914550781,372.0400085449219,368.6400146484375,370.1000061035156,4968900,0.00045750903333918735
2026-08-04,374.1600036621094,374.1600036621094,376.69000244140625,373.7099914550781,374.1400146484375,5723100,0.00659119276681408
2026-08-05,389.6400146484375,389.6400146484375,391.510009765625,384.32000732421875,384.9599914550781,14758700,0.04137270374924307
2026-08-06,389.6700134277344,389.6700134277344,392.1199951171875,387.2699890136719,389.5,10954300,7.699101265035146e-05
2026-08-07,398.4700012207031,398.4700012207031,400.6600036621094,396.95001220703125,399.6000061035156,13324500,0.022583179330530445
2026-08-10,402.5400085449219,402.5400085449219,403.239990234375,395.92999267578125,397.7099914550781,11057000,0.01021408716277361
2026-08-11,400.9599914550781,400.9599914550781,404.0299987792969,399.8900146484375,403.44000244140625,7439100,-0.003925118140567174
2026-08-12,404.9200134277344,404.9200134277344,407.3599853515625,403.2200012207031,405.30999755859375,10383100,0.009876351898066904
2026-08-13,398.9599914550781,398.9599914550781,402.5799865722656,398.2799987792969,402.1700134277344,8695200,-0.014719010607066263
2026-08-14,401.4800109863281,401.4800109863281,403.3299865722656,400.94000244140625,402.17999267578125,6749800,0.006316471789712619
2026-08-17,405.489990234375,405.489990234375,406.2300109863281,402.17999267578125,402.3399963378906,9604100,0.009987992274373525
2026-08-18,398.54998779296875,398.54998779296875,404.32000732421875,397.8699951171875,402.54998779296875,10660900,-0.017115101749848094
2026-08-19,413.8399963378906,413.8399963378906,414.0,407.4700012207031,408.80999755859375,17480700,0.0383640923679176
2026-08-20,415.260009765625,415.260009765625,416.45001220703125,409.82000732421875,410.0799865722656,13900900,0.003431310265562093
2026-08-21,423.3599853515625,423.3599853515625,424.8900146484375,419.4200134277344,420.5299987792969,14529000,0.019505792504578512
2026-08-24,426.69000244140625,426.69000244140625,429.4200134277344,424.20001220703125,428.54998779296875,18943000,0.007865686897826407
2026-08-25,428.07000732421875,428.07000732421875,428.1400146484375,422.3299865722656,422.7799987792969,12450600,0.0032342095547504
2026-08-26,421.32000732421875,421.32000732421875,424.95001220703125,420.30999755859375,423.0,9816500,-0.015768448815633995
2026-08-27,422.6000061035156,422.6000061035156,423.3500061035156,418.42999267578125,420.82000732421875,7089000,0.0030380678748822554
2026-08-28,408.8900146484375,408.8900146484375,424.7900085449219,407.6199951171875,422.239990234375,25044400,-0.03244200486764748
2026-08-31,408.4200134277344,408.4200134277344,408.79998779296875,404.8999938964844,407.760009765625,9490000,-0.0011494563424524484
2026-09-01,396.75,396.75,401.25,396.45001220703125,398.2900085449219,13143000,-0.028573559189207676
2026-09-02,402.7799987792969,402.7799987792969,403.3299865722656,399.5799865722656,399.7099914550781,13714100,0.015198484635909004
2026-09-03,410.2200012207031,410.2200012207031,413.5400085449219,408.5400085449219,410.7099914550781,12509500,0.01847162834290339
2026-09-04,406.7699890136719,406.7699890136719,408.0,403.9599914550781,404.6600036621094,9813200,-0.008410151130527455
2026-09-08,399.7200012207031,399.7200012207031,404.2799987792969,399.4800109863281,403.55999755859375,8992200,-0.017331632085403892
2026-09-09,403.3500061035156,403.3500061035156,406.55999755859375,401.17999267578125,406.1099853515625,8188400,0.009081369137713402
2026-09-10,396.3599853515625,396.3599853515625,401.1499938964844,395.45001220703125,399.5299987792969,10202900,-0.017329913589140267
2026-09-11,398.7699890136719,398.7699890136719,403.6499938964844,398.1400146484375,402.5299987792969,10963000,0.006080340476276369
2026-09-14,392.8399963378906,392.8399963378906,395.8999938964844,390.9599914550781,391.8900146484375,7435100,-0.01487070952969316
2026-09-15,394.1499938964844,394.1499938964844,395.30999755859375,391.80999755859375,393.1099853515625,6705500,0.0033346847846598138
2026-09-16,391.739990234375,391.739990234375,400.6000061035156,388.3900146484375,398.9100036621094,15773200,-0.006114432828691951
2026-09-17,398.3599853515625,398.3599853515625,401.44000244140625,398.0400085449219,400.2799987792969,7746100,0.01689895155515475
2026-09-18,401.1700134277344,401.1700134277344,403.1499938964844,398.1300048828125,400.4800109863281,9505900,0.007053991815196836
