Date,Adj Close,Close,High,Low,Open,Volume,Daily_Return
2023-01-03,14.267298698425291,14.3149995803833,14.996000289916992,14.095999717712402,14.85099983215332,401277000,0.0
2023-01-04,14.699851989746094,14.74899959564209,14.852999687194824,14.241000175476074,14.56700038909912,431324000,0.03031785036539758
2023-01-05,14.217467308044434,14.265000343322754,14.564000129699709,14.14799976348877,14.491000175476074,389168000,-0.032815734326980706
2023-01-06,14.809487342834473,14.859000205993652,15.010000228881836,14.034000396728516,14.473999977111816,405044000,0.04164036791972059
2023-01-09,15.575923919677734,15.628000259399414,16.055999755859375,15.140999794006348,15.284000396728516,504231000,0.051753149118038966
2023-01-10,15.85598850250244,15.909000396728516,15.961999893188477,15.472000122070312,15.506999969482422,384101000,0.017980556223762267
2023-01-11,15.947678565979004,16.000999450683594,16.027999877929688,15.562999725341797,15.84000015258789,353285000,0.0057828305777147815
2023-01-12,16.455978393554688,16.51099967956543,16.636999130249023,15.491999626159668,16.100000381469727,551409000,0.03187302333542963
2023-01-13,16.842687606811523,16.89900016784668,16.922000885009766,16.165000915527344,16.277999877929688,447287000,0.02349951522084104
2023-01-17,17.643016815185547,17.70199966430664,17.72800064086914,16.89900016784668,16.89900016784668,511102000,0.04751757432299497
2023-01-18,17.319095611572266,17.37700080871582,17.87299919128418,17.281999588012695,17.66699981689453,439624000,-0.018359443099873696
2023-01-19,16.709135055541992,16.764999389648438,17.19700050354004,16.731000900268555,17.035999298095703,452932000,-0.0352190476253198
2023-01-20,17.779560089111328,17.839000701904297,17.856000900268555,16.825000762939453,17.01099967956543,564967000,0.06406211460520561
2023-01-23,19.12904357910156,19.19300079345703,19.2450008392334,17.81800079345703,18.06399917602539,655163000,0.07590111767909713
2023-01-24,19.200801849365234,19.26499938964844,19.4950008392334,18.81999969482422,18.82699966430664,496204000,0.0037512943893565076
2023-01-25,19.25861167907715,19.32299995422364,19.3700008392334,18.57999992370605,18.913000106811523,449537000,0.003010670460044995
2023-01-26,19.73601531982422,19.802000045776367,20.166000366210938,19.277999877929688,19.701000213623047,489535000,0.02478911621836577
2023-01-27,20.29713630676269,20.364999771118164,20.62800025939941,19.405000686645508,19.46199989318848,542142000,0.028431457632577928
2023-01-30,19.098148345947266,19.16200065612793,20.13999938964844,19.14999961853028,19.950000762939453,488611000,-0.059071894353583065
2023-01-31,19.471895217895508,19.53700065612793,19.687000274658203,18.950000762939453,19.170000076293945,498017000,0.019569981586451846
2023-02-01,20.87321662902832,20.94300079345703,21.191999435424805,19.61100006103516,19.69099998474121,660477000,0.07196601781799594
2023-02-02,21.636661529541016,21.708999633789062,21.948999404907227,20.700000762939453,21.0,564276000,0.036575409984768825
2023-02-03,21.029687881469727,21.100000381469727,21.7450008392334,20.78899955749512,21.0,429366000,-0.02805284732565272
2023-02-06,21.01872444152832,21.089000701904297,21.56999969482422,20.785999298095703,20.80599975585937,452197000,-0.0005213118183206022
2023-02-07,22.09911346435547,22.17300033569336,22.25900077819824,21.14999961853028,21.381999969482425,664150000,0.05140118534356053
2023-02-08,22.131006240844727,22.20499992370605,22.87800025939941,22.007999420166016,22.386999130249023,559651000,0.0014431780782133696
2023-02-09,22.26256561279297,22.33699989318848,23.020000457763672,22.1200008392334,22.606000900268555,523876000,0.0059446057165488675
2023-02-10,21.194141387939453,21.26499938964844,22.077999114990234,20.81100082397461,21.690000534057617,550737000,-0.04799214346895975
2023-02-13,21.715394973754883,21.788000106811523,22.04800033569336,20.96199989318848,21.538000106811523,474919000,0.024594438381111416
2023-02-14,22.894454956054688,22.97100067138672,23.04899978637696,21.36599922180176,21.577999114990234,675474000,0.05429596836679651
2023-02-15,22.68814277648925,22.763999938964844,22.854999542236328,22.106000900268555,22.54899978637696,420575000,-0.009011393773529441
2023-02-16,21.928682327270508,22.00200080871582,22.549999237060547,21.927000045776367,22.132999420166016,412026000,-0.03347386805008379
2023-02-17,21.31673049926757,21.38800048828125,21.739999771118164,20.975000381469727,21.631000518798828,465888000,-0.027906567487777867
2023-02-21,20.58616828918457,20.655000686645508,21.49399948120117,20.61800003051757,21.0,410015000,-0.03427154408554278
2023-02-22,20.6848373413086,20.753999710083008,21.10400009155273,20.42099952697754,20.707000732421875,513184000,0.0047929808833899745
2023-02-23,23.585147857666016,23.66399955749512,23.88800048828125,23.02499961853028,23.440000534057617,1117995000,0.1402139292696596
2023-02-24,23.20840644836425,23.285999298095703,23.474000930786133,22.94700050354004,23.225000381469727,589716000,-0.015973642092115936
2023-02-27,23.42268180847168,23.5009994506836,23.8799991607666,23.45400047302246,23.670000076293945,452994000,0.009233022376904376
2023-02-28,23.13863754272461,23.215999603271484,23.825000762939453,23.20599937438965,23.371999740600582,455963000,-0.012127137316444103
2023-03-01,22.622364044189453,22.69799995422364,23.256000518798828,22.507999420166016,23.191999435424805,460026000,-0.022312183748265157
2023-03-02,23.236310958862305,23.31399917602539,23.3799991607666,22.43199920654297,22.488000869750977,389415000,0.027138920743857264
2023-03-03,23.810392379760746,23.88999938964844,23.89999961853028,23.1299991607666,23.31999969482422,412393000,0.024706195160861588
2023-03-06,23.475515365600582,23.554000854492188,24.24799919128418,23.48699951171875,23.891000747680664,437429000,-0.014064401161175466
2023-03-07,23.214336395263672,23.288000106811523,24.125,23.24099922180176,23.600000381469727,515154000,-0.011293229941015892
2023-03-08,24.1045150756836,24.18099975585937,24.200000762939453,23.42399978637696,23.48699951171875,513573000,0.038345913987979374
2023-03-09,23.36187171936035,23.43600082397461,24.45400047302246,23.382999420166016,24.174999237060547,501257000,-0.030809269236448333
2023-03-10,22.892358779907227,22.96500015258789,23.62700080871582,22.72599983215332,23.40900039672852,474866000,-0.0200973141673938
2023-03-13,22.893354415893555,22.965999603271484,23.29800033569336,22.29700088500977,22.75200080871582,421890000,4.352060426526805e-05
2023-03-14,23.986888885498047,24.0629997253418,24.2189998626709,23.459999084472656,23.496000289916992,474910000,0.047766269312050635
2023-03-15,24.15136909484864,24.22800064086914,24.285999298095703,23.36000061035156,23.76099967956543,524486000,0.006857038499384238
2023-03-16,25.460214614868164,25.541000366210938,25.58799934387207,23.893999099731445,24.027000427246094,583253000,0.05419348235970234
2023-03-17,25.643630981445312,25.725000381469727,26.39900016784668,25.667999267578125,25.98200035095215,848547000,0.007204103700738651
2023-03-20,25.81807518005371,25.89999961853028,26.02400016784668,25.1299991607666,25.614999771118164,432747000,0.006802691330049848
2023-03-21,26.116134643554688,26.198999404907227,26.39200019836425,25.381000518798828,26.18000030517578,547408000,0.011544393466439429
2023-03-22,26.384286880493164,26.468000411987305,27.589000701904297,26.23699951171875,26.424999237060547,797295000,0.01026760613726685
2023-03-23,27.104995727539062,27.19099998474121,27.499000549316406,26.690000534057617,27.114999771118164,564889000,0.027315987664351837
2023-03-24,26.694297790527344,26.77899932861328,27.16699981689453,26.354999542236328,27.0310001373291,454920000,-0.01515209651572702
2023-03-27,26.447084426879883,26.5310001373291,27.0,26.364999771118164,26.83699989318848,361026000,-0.009260958120238416
2023-03-28,26.32646369934082,26.40999984741211,26.51300048828125,25.850000381469727,26.44700050354004,356104000,-0.004560713478220735
2023-03-29,26.89864730834961,26.983999252319336,27.077999114990234,26.597000122070312,26.825000762939453,393694000,0.02173416918680804
2023-03-30,27.29638862609864,27.382999420166016,27.499000549316406,27.10199928283692,27.22900009155273,364516000,0.014786546801893508
2023-03-31,27.68914031982422,27.777000427246094,27.833999633789062,27.104999542236328,27.13999938964844,433933000,0.01438852629087517
2023-04-03,27.876548767089844,27.96500015258789,28.0,27.336000442504883,27.50900077819824,398716000,0.0067681795172307435
2023-04-04,27.36616325378418,27.452999114990234,28.0,27.30699920654297,27.965999603271484,368592000,-0.018308637039298414
2023-04-05,26.79597854614257,26.881000518798828,26.99799919128418,26.395000457763672,26.82900047302246,515015000,-0.02083555948825555
2023-04-06,26.95148277282715,27.03700065612793,27.07999992370605,26.427000045776367,26.583999633789062,397654000,0.005803360526703827
2023-04-10,27.49176979064941,27.57900047302246,27.621000289916992,26.66900062561035,26.82299995422364,395279000,0.020046595544675805
2023-04-11,27.083066940307617,27.16900062561035,27.790000915527344,27.1259994506836,27.724000930786133,314378000,-0.014866378055041096
2023-04-12,26.411195755004883,26.4950008392334,27.468000411987305,26.44799995422364,27.3700008392334,446259000,-0.024807676795502775
2023-04-13,26.379297256469727,26.46299934387207,26.886999130249023,26.32900047302246,26.733999252319336,353615000,-0.0012078314530166168
2023-04-14,26.67336082458496,26.757999420166016,26.882999420166016,26.21999931335449,26.503999710083008,395660000,0.011147643260712048
2023-04-17,26.91659545898437,27.00200080871582,27.006000518798828,26.433000564575195,26.565000534057617,321471000,0.009118820309335751
2023-04-18,27.579490661621094,27.66699981689453,28.11000061035156,27.35700035095215,27.53300094604492,604812000,0.0246277678787441
2023-04-19,27.84265899658203,27.93099975585937,28.0,27.23200035095215,27.36100006103516,358660000,0.009542051567283938
2023-04-20,27.01826858520508,27.10400009155273,28.030000686645508,27.0,27.67099952697754,427713000,-0.029608666769371683
2023-04-21,27.033222198486328,27.11899948120117,27.183000564575195,26.722000122070312,26.95199966430664,345103000,0.0005534013281349726
2023-04-24,26.95646476745605,27.04199981689453,27.36599922180176,26.67099952697754,27.01300048828125,339282000,-0.0028393254094795095
2023-04-25,26.157995223999023,26.24099922180176,27.246999740600582,26.225000381469727,27.077999114990234,378527000,-0.029620612399839708
2023-04-26,26.87073516845703,26.95599937438965,27.32999992370605,26.70499992370605,27.00200080871582,406337000,0.0272474438394803
2023-04-27,27.13988304138184,27.22599983215332,27.4950008392334,26.625,27.363000869750977,377161000,0.010016340110921451
2023-04-28,27.661231994628903,27.749000549316406,27.757999420166016,27.07099914550781,27.225000381469727,292216000,0.01920960553835882
2023-05-01,28.81855583190918,28.90999984741211,29.058000564575195,27.780000686645508,27.84000015258789,570329000,0.041839319438995215
2023-05-02,28.120773315429688,28.209999084472656,28.836000442504883,28.08300018310547,28.68000030517578,402730000,-0.02421310157848766
2023-05-03,27.71405792236328,27.802000045776367,28.367000579833984,27.472000122070312,27.84000015258789,383387000,-0.014462922791119825
2023-05-04,27.474817276000977,27.562000274658203,27.858999252319336,27.239999771118164,27.650999069213867,321850000,-0.0086324642372132
2023-05-05,28.58928298950196,28.68000030517578,28.7549991607666,27.731000900268555,27.826000213623047,361494000,0.040563094818104384
2023-05-08,29.05879211425781,29.150999069213867,29.21999931335449,28.350000381469727,28.52199935913086,344979000,0.016422550872605246
2023-05-09,28.480627059936523,28.57099914550781,28.972999572753903,28.450000762939453,28.89900016784668,314869000,-0.019896399513750884
2023-05-10,28.79363822937012,28.88500022888184,29.113000869750977,28.461000442504883,29.0049991607666,369350000,0.010990203099824125
2023-05-11,28.487606048583984,28.577999114990234,28.950000762939453,28.246000289916992,28.895999908447266,322149000,-0.010628392295619182
2023-05-12,28.25035858154297,28.34000015258789,28.780000686645508,28.04599952697754,28.52899932861328,274222000,-0.008328048490893303
2023-05-15,28.86142349243164,28.952999114990234,28.9689998626709,28.152000427246094,28.507999420166016,293926000,0.02163016792878758
2023-05-16,29.12060165405273,29.21299934387207,29.8700008392334,28.832000732421875,28.840999603271484,449405000,0.008980079329578672
2023-05-17,30.08254814147949,30.17799949645996,30.198999404907227,29.43000030517578,29.583999633789062,432535000,0.0330332445918573
2023-05-18,31.57780265808105,31.67799949645996,31.827999114990234,30.31999969482422,30.40999984741211,748725000,0.04970508400253504
2023-05-19,31.165111541748047,31.263999938964844,31.57999992370605,30.916000366210938,31.535999298095703,473908000,-0.013068993120647687
2023-05-22,31.077392578125,31.176000595092773,31.520000457763672,30.68000030517578,30.900999069213867,372000000,-0.0028147180157327423
2023-05-23,30.59093475341797,30.6879997253418,31.288000106811523,30.631000518798828,31.0,356253000,-0.01565309406068549
2023-05-24,30.441410064697266,30.538000106811523,30.60700035095215,29.80599975585937,30.209999084472656,721419000,-0.004887891679900225
2023-05-25,37.85987091064453,37.97999954223633,39.47999954223633,36.6349983215332,38.52299880981445,1543911000,0.24369635894280006
2023-05-26,38.82281112670898,38.94599914550781,39.16999816894531,37.54999923706055,37.88999938964844,714397000,0.025434429039348228
2023-05-30,39.984134674072266,40.11100006103516,41.9379997253418,39.94900131225586,40.595001220703125,923401000,0.029913237330867926
2023-05-31,37.71433639526367,37.83399963378906,40.29499816894531,37.821998596191406,39.48799896240234,1002580000,-0.056767480835214434
2023-06-01,39.64420700073242,39.77000045776367,40.04999923706055,38.34000015258789,38.48899841308594,635873000,0.05117092675143953
2023-06-02,39.20260620117188,39.32699966430664,40.5,39.05799865722656,40.09700012207031,482731000,-0.011139069357756326
2023-06-05,39.04710006713867,39.17100143432617,39.56499862670898,38.70700073242188,38.90900039672852,396094000,-0.003966695433469725
2023-06-06,38.531734466552734,38.65399932861328,39.15999984741211,38.14799880981445,38.83000183105469,388729000,-0.013198593009670523
2023-06-07,37.360328674316406,37.47499847412109,39.499000549316406,37.35599899291992,38.915000915527344,511998000,-0.030501393774782004
2023-06-08,38.39215850830078,38.5099983215332,38.86399841308594,37.505001068115234,37.7239990234375,417772000,0.02761840932767079
2023-06-09,38.6513671875,38.77000045776367,39.71099853515625,38.56700134277344,39.0369987487793,427717000,0.0067515488850355965
2023-06-12,39.36119079589844,39.48199844360352,39.52999877929688,38.61800003051758,39.20000076293945,388701000,0.018364662817466515
2023-06-13,40.896480560302734,41.02199935913086,41.10100173950195,39.7400016784668,40.18600082397461,613208000,0.039005140981581476
2023-06-14,42.86543655395508,42.99700164794922,43.0,40.55199813842773,40.82400131225586,740465000,0.04814495440673228
2023-06-15,42.52249526977539,42.65299987792969,43.28900146484375,42.14699935913086,42.60200119018555,568622000,-0.008000599037955025
2023-06-16,42.56136703491211,42.69200134277344,43.72100067138672,42.6609992980957,43.45000076293945,655709000,0.0009143897253502953
2023-06-20,43.6739501953125,43.80799865722656,43.9900016784668,42.67399978637695,42.99800109863281,451153000,0.026140665214844372
2023-06-21,42.91328430175781,43.04499816894531,43.6150016784668,42.08000183105469,43.5009994506836,551603000,-0.01741692183318644
2023-06-22,42.89335250854492,43.025001525878906,43.42599868774414,42.23400115966797,42.25299835205078,417737000,-0.00046455207148399236
2023-06-23,42.0798454284668,42.20899963378906,42.80899810791016,42.01499938964844,42.4640007019043,358140000,-0.018965760909945173
2023-06-26,40.50766754150391,40.63199996948242,42.76399993896485,40.09999847412109,42.46099853515625,594322000,-0.03736169248238297
2023-06-27,41.74787139892578,41.8759994506836,41.93999862670898,40.448001861572266,40.79899978637695,462175000,0.03061625029866888
2023-06-28,40.99119186401367,41.117000579833984,41.845001220703125,40.51800155639648,40.65999984741211,582639000,-0.01812491357354873
2023-06-29,40.69709014892578,40.821998596191406,41.59999847412109,40.59999847412109,41.55799865722656,380514000,-0.0071746960985102914
2023-06-30,42.17256546020508,42.30199813842773,42.54999923706055,41.5009994506836,41.68000030517578,501148000,0.03625495059358519
2023-07-03,42.2832145690918,42.41299819946289,42.89799880981445,42.20199966430664,42.516998291015625,198209000,0.002623990967800971
2023-07-05,42.1875228881836,42.31700134277344,43.17699813842773,42.084999084472656,42.1349983215332,323618000,-0.0022633829430778185
2023-07-06,41.97418212890625,42.10300064086914,42.17900085449219,41.34600067138672,41.84400177001953,303582000,-0.005057085689292196
2023-07-07,42.37294769287109,42.50299835205078,43.2140007019043,42.18000030517578,42.321998596191406,355881000,0.009500456145478786
2023-07-10,42.05093002319336,42.18000030517578,42.81100082397461,41.64899826049805,42.65700149536133,353908000,-0.007599417909287642
2023-07-11,42.27524566650391,42.40499877929688,42.757999420166016,42.06700134277344,42.48099899291992,298244000,0.005334245436064977
2023-07-12,43.76766204833984,43.902000427246094,43.935001373291016,42.777000427246094,43.03300094604492,481277000,0.03530248062829999
2023-07-13,45.83631896972656,45.97700119018555,46.15499877929688,44.492000579833984,44.51800155639648,478204000,0.047264378450775135
2023-07-14,45.32987594604492,45.46900177001953,48.0880012512207,45.060001373291016,46.58300018310547,772075000,-0.011048989864838266
2023-07-17,46.3188362121582,46.46099853515625,46.49599838256836,45.262001037597656,46.28900146484375,510488000,0.021816990180567375
2023-07-18,47.34867477416992,47.49399948120117,47.89599990844727,45.73400115966797,46.70100021362305,569164000,0.02223372244708144
2023-07-19,46.93294525146485,47.07699966430664,47.81800079345703,46.742000579833984,47.4640007019043,427502000,-0.008780052668750038
2023-07-20,45.38071441650391,45.52000045776367,47.08700180053711,45.0620002746582,46.50699996948242,537865000,-0.03307345875152434
2023-07-21,44.17341613769531,44.30899810791016,45.86600112915039,44.09999847412109,45.78799819946289,963769000,-0.026603742040318124
2023-07-24,44.475494384765625,44.61199951171875,45.10900115966797,44.040000915527344,44.73099899291992,382516000,0.006838371814922528
2023-07-25,45.53923416137695,45.67900085449219,46.18299865722656,44.92300033569336,44.94100189208984,348081000,0.023917362020349664
2023-07-26,45.31292724609375,45.45199966430664,46.053001403808594,44.630001068115234,46.02099990844727,364237000,-0.004969486765015851
2023-07-27,45.75956344604492,45.900001525878906,47.39500045776367,45.75,46.51900100708008,455976000,0.00985659299659103
2023-07-28,46.60695266723633,46.75,47.027000427246094,46.38100051879883,46.667999267578125,331194000,0.018518484659349133
2023-07-31,46.58601379394531,46.729000091552734,47.130001068115234,46.50600051879883,46.75400161743164,251055000,-0.00044919590261527365
2023-08-01,46.36469650268555,46.50699996948242,46.900001525878906,46.027000427246094,46.459999084472656,237858000,-0.00475079975251691
2023-08-02,44.133548736572266,44.26900100708008,45.84000015258789,43.387001037597656,45.83100128173828,530142000,-0.04812176583892536
2023-08-03,44.37879180908203,44.51499938964844,45.11800003051758,43.79999923706055,43.79999923706055,324176000,0.00555689934202519
2023-08-04,44.54328536987305,44.68000030517578,45.641998291015625,44.39300155639648,44.98500061035156,362666000,0.0037066363650386513
2023-08-07,45.27803039550781,45.41699981689453,45.540000915527344,44.5629997253418,45.11100006103516,322154000,0.0164950650556146
2023-08-08,44.52733612060547,44.66400146484375,45.242000579833984,44.055999755859375,44.85300064086914,353843000,-0.01657965860991717
2023-08-09,42.423789978027344,42.55400085449219,44.3120002746582,42.13399887084961,44.27399826049805,586449000,-0.04724163848177376
2023-08-10,42.25830078125,42.38800048828125,43.57400131225586,41.834999084472656,42.15999984741211,492705000,-0.0039009344098702714
2023-08-11,40.7299919128418,40.85499954223633,42.01800155639648,40.63899993896485,41.7509994506836,533085000,-0.03616591791039403
2023-08-14,43.61912536621094,43.75299835205078,43.79999923706055,40.31100082397461,40.48600006103516,690286000,0.07093376189659417
2023-08-15,43.805545806884766,43.93999862670898,45.26800155639648,43.709999084472656,44.560001373291016,676512000,0.004273999078955315
2023-08-16,43.35294723510742,43.48600006103516,44.67499923706055,43.40599822998047,44.52000045776367,527451000,-0.010332238959102957
2023-08-17,43.21137237548828,43.34400177001953,44.0620002746582,43.0009994506836,43.970001220703125,452395000,-0.0032653794512332857
2023-08-18,43.1665153503418,43.29899978637695,43.57799911499024,41.65999984741211,42.6349983215332,583768000,-0.0010382517027697213
2023-08-21,46.82329559326172,46.96699905395508,47.06499862670898,44.22200012207031,44.49399948120117,692573000,0.08471325632635462
2023-08-22,45.528263092041016,45.667999267578125,48.1870002746582,45.33300018310547,48.1349983215332,755293000,-0.027657713129269346
2023-08-23,46.97183990478516,47.11600112915039,47.20000076293945,45.20800018310547,45.86600112915039,779046000,0.031707144713919444
2023-08-24,47.0186882019043,47.16299819946289,50.26599884033203,47.15900039672852,50.21599960327149,1156044000,0.0009974757871253903
2023-08-25,45.877197265625,46.01800155639648,47.80500030517578,45.02399826049805,47.012001037597656,925341000,-0.024277435421386162
2023-08-28,46.69169616699219,46.834999084472656,46.97999954223633,44.88800048828125,46.48199844360352,685192000,0.017753868061282985
2023-08-29,48.634727478027344,48.78400039672852,49.08100128173828,46.39099884033203,46.66600036621094,701397000,0.04161420626358092
2023-08-30,49.113258361816406,49.26399993896485,49.92699813842773,48.42499923706055,49.04399871826172,735206000,0.009839282107510838
2023-08-31,49.20398712158203,49.35499954223633,49.74399948120117,48.95800018310547,49.380001068115234,528570000,0.0018471825954899934
2023-09-01,48.360572814941406,48.50899887084961,49.79999923706055,48.141998291015625,49.762001037597656,463830000,-0.017141134216053233
2023-09-05,48.39944839477539,48.54800033569336,48.85100173950195,47.86000061035156,48.22299957275391,382653000,0.0008040047362674052
2023-09-06,46.92086791992188,47.06100082397461,48.54899978637695,46.58000183105469,48.44100189208984,468670000,-0.030629469832673673
2023-09-07,46.103309631347656,46.24100112915039,46.34400177001953,45.152000427246094,45.525001525878906,433330000,-0.017424187341261943
2023-09-08,45.43629837036133,45.571998596191406,46.60599899291992,45.27099990844727,45.94200134277344,473069000,-0.014467734621282813
2023-09-11,45.04347610473633,45.178001403808594,46.16299819946289,44.3120002746582,46.14799880981445,473966000,-0.008645598273491983
2023-09-12,44.73638153076172,44.869998931884766,45.67300033569336,44.53099822998047,44.73799896240234,349256000,-0.006817532036684226
2023-09-13,45.34955978393555,45.48500061035156,45.93000030517578,44.50299835205078,44.59999847412109,398355000,0.01370630026981745
2023-09-14,45.44527816772461,45.58100128173828,45.98699951171875,45.13100051879883,45.95000076293945,370097000,0.002110600639738669
2023-09-15,43.76927947998047,43.900001525878906,45.5989990234375,43.80799865722656,45.34099960327149,506831000,-0.036879395111771185
2023-09-18,43.8350830078125,43.96599960327149,44.242000579833984,42.0,42.74800109863281,500271000,0.0015033730090801
2023-09-19,43.39041519165039,43.52000045776367,43.96599960327149,43.00199890136719,43.83300018310547,373064000,-0.010144182994411777
2023-09-20,42.113224029541016,42.23899841308594,43.90299987792969,42.22299957275391,43.59999847412109,367108000,-0.029434789319934707
2023-09-21,40.89485931396485,41.016998291015625,42.09999847412109,40.97999954223633,41.58300018310547,450736000,-0.028930613129589
2023-09-22,41.4860954284668,41.61000061035156,42.1150016784668,41.23099899291992,41.571998596191406,479236000,0.014457477242205474
2023-09-25,42.09627914428711,42.22200012207031,42.5359992980957,41.17699813842773,41.59099960327149,419091000,0.014707990933470416
2023-09-26,41.78619766235352,41.9109992980957,42.81999969482422,41.65499877929688,42.0009994506836,402282000,-0.007365847735196329
2023-09-27,42.34153747558594,42.46799850463867,42.87200164794922,41.62900161743164,42.33000183105469,444935000,0.013290048337460503
2023-09-28,42.960693359375,43.0890007019043,43.44599914550781,42.1150016784668,42.459999084472656,424663000,0.01462282704935558
2023-09-29,43.36946868896485,43.499000549316406,44.14400100708008,43.30699920654297,43.82699966430664,397830000,0.009515185795292425
2023-10-02,44.64865112304688,44.78200149536133,45.17499923706055,43.86100006103516,44.02999877929688,433298000,0.029494952294141452
2023-10-03,43.38742065429688,43.516998291015625,45.130001068115234,43.24599838256836,44.80799865722656,470850000,-0.028248027379409013
2023-10-04,43.90985870361328,44.04100036621094,44.14300155639648,43.29199981689453,43.742000579833984,361821000,0.012041319387221971
2023-10-05,44.554935455322266,44.6879997253418,44.900001525878906,43.88800048828125,44.04999923706055,393483000,0.014690841573781643
2023-10-06,45.625736236572266,45.762001037597656,45.78900146484375,44.0260009765625,44.19300079345703,434436000,0.024033327042087604
2023-10-09,45.13818740844727,45.27299880981445,45.60499954223633,44.36800003051758,44.84199905395508,409675000,-0.010685770217553237
2023-10-10,45.66163635253906,45.79800033569336,46.25899887084961,45.0880012512207,45.310001373291016,368582000,0.011596349693652197
2023-10-11,46.66661834716797,46.805999755859375,46.85900115966797,46.04999923706055,46.19599914550781,378137000,0.022009681924483937
2023-10-12,46.80521011352539,46.94499969482422,47.60900115966797,46.33000183105469,46.777000427246094,481325000,0.002969703450195871
2023-10-13,45.325626373291016,45.46099853515625,47.11600112915039,45.27999877929688,46.959999084472656,474115000,-0.031611485127596706
2023-10-16,45.95774459838867,46.095001220703125,46.22499847412109,44.9119987487793,45.0629997253418,375099000,0.013946079188220661
2023-10-17,43.80715560913086,43.9379997253418,44.75400161743164,42.47999954223633,44.0,812333000,-0.04679469439719919
2023-10-18,42.070350646972656,42.19599914550781,43.21900177001953,41.82500076293945,42.59099960327149,627294000,-0.03964678844561198
2023-10-19,41.97564697265625,42.10100173950195,43.297000885009766,41.88199996948242,42.81100082397461,501233000,-0.0022513368075079976
2023-10-20,41.263763427734375,41.387001037597656,42.470001220703125,41.07799911499024,41.88999938964844,477266000,-0.01695923309193792
2023-10-23,42.84703826904297,42.97499847412109,43.24800109863281,40.94499969482422,41.229000091552734,478530000,0.0383694734267126
2023-10-24,43.532981872558594,43.66299819946289,43.696998596191406,42.69100189208984,43.07699966430664,401463000,0.01600930191437011
2023-10-25,41.65459442138672,41.77899932861328,43.650001525878906,41.55500030517578,43.39799880981445,398379000,-0.0431486372567238
2023-10-26,40.2059211730957,40.32600021362305,42.25600051879883,39.880001068115234,41.85300064086914,541001000,-0.03477821724646035
2023-10-27,40.37940216064453,40.5,41.20600128173828,40.01499938964844,41.130001068115234,416784000,0.004314828781808444
2023-10-30,41.03843307495117,41.1609992980957,41.76599884033203,40.48099899291992,41.08700180053711,388028000,0.01632097032335067
2023-10-31,40.65856552124024,40.77999877929688,40.87900161743164,39.22999954223633,40.45000076293945,517969000,-0.009256347642085716
2023-11-01,42.19896697998047,42.32500076293945,42.38100051879883,40.86899948120117,40.88399887084961,437593000,0.03788626851129129
2023-11-02,43.37644958496094,43.50600051879883,43.88399887084961,42.89400100708008,43.32799911499024,409172000,0.027903124266296153
2023-11-03,44.87098693847656,45.005001068115234,45.30899810791016,43.72299957275391,44.02000045776367,424610000,0.0344550299140618
2023-11-06,45.61476516723633,45.7509994506836,45.935001373291016,44.89899826049805,45.28499984741211,400733000,0.01657589967477824
2023-11-07,45.81816482543945,45.95500183105469,46.21799850463867,45.15800094604492,45.71900177001953,343165000,0.004458971013102886
2023-11-08,46.43531036376953,46.57400131225586,46.867000579833984,45.96799850463867,46.09999847412109,346719000,0.013469686792241031
2023-11-09,46.81019973754883,46.95000076293945,48.22999954223633,46.75,47.46699905395508,540496000,0.008073161851881672
2023-11-10,48.19107055664063,48.334999084472656,48.47200012207031,47.28300094604492,47.5,421245000,0.029499431289178313
2023-11-13,48.475223541259766,48.619998931884766,49.11600112915039,48.0989990234375,48.31999969482422,384136000,0.005896345356581678
2023-11-14,49.50812530517578,49.65599822998047,49.83399963378906,49.040000915527344,49.68000030517578,416954000,0.021308089692620324
2023-11-15,48.74242782592773,48.88800048828125,49.959999084472656,48.20000076293945,49.935001373291016,475497000,-0.015466363965582874
2023-11-16,49.332664489746094,49.47999954223633,49.525001525878906,48.33000183105469,48.67900085449219,339756000,0.012109291606168027
2023-11-17,49.15120697021485,49.29800033569336,49.71699905395508,49.00699996948242,49.52399826049805,325205000,-0.0036782378380503244
2023-11-20,50.2588996887207,50.40900039672852,50.54800033569336,49.180999755859375,49.3120002746582,414120000,0.02253641229806158
2023-11-21,49.7952766418457,49.94400024414063,50.516998291015625,49.22200012207031,50.1259994506836,565747000,-0.00922454619072488
2023-11-22,48.57093811035156,48.71599960327149,50.334999084472656,47.68999862670898,49.85200119018555,899420000,-0.024587550754171072
2023-11-24,47.63373565673828,47.7760009765625,48.92100143432617,47.744998931884766,48.470001220703125,294645000,-0.019295480629855866
2023-11-27,48.09835052490234,48.242000579833984,48.52999877929688,47.652000427246094,47.79999923706055,395662000,0.009753842802793233
2023-11-28,47.67859649658203,47.82099914550781,48.323001861572266,47.47299957275391,48.23600006103516,401491000,-0.008726865164504716
2023-11-29,47.99665832519531,48.13999938964844,48.762001037597656,47.86000061035156,48.37900161743164,382005000,0.006670714745419248
2023-11-30,46.63073348999024,46.77000045776367,48.11000061035156,46.422000885009766,48.02399826049805,526247000,-0.028458640408278835
2023-12-01,46.6257438659668,46.76499938964844,47.20000076293945,46.1870002746582,46.525001525878906,369317000,-0.00010692897298025805
2023-12-04,45.37447738647461,45.5099983215332,46.07699966430664,45.0099983215332,46.07699966430664,437543000,-0.0268363323959121
2023-12-05,46.43143081665039,46.56600189208984,46.59999847412109,45.27099990844727,45.46599960327149,371718000,0.023203770808688073
2023-12-06,45.37148284912109,45.50299835205078,47.387001037597656,45.4119987487793,47.21500015258789,380590000,-0.022827889379518074
2023-12-07,46.461334228515625,46.59600067138672,46.62900161743164,45.604000091552734,45.70000076293945,350823000,0.02402044610070564
2023-12-08,47.36870574951172,47.50600051879883,47.74100112915039,46.54999923706055,46.595001220703125,359224000,0.019529569797841262
2023-12-11,46.49224853515625,46.62699890136719,47.53099822998047,45.83000183105469,47.49100112915039,509728000,-0.01850295979102279
2023-12-12,47.51927185058594,47.65700149536133,47.66600036621094,46.04600143432617,46.04600143432617,372387000,0.022090261399258404
2023-12-13,47.94902420043945,48.0880012512207,48.59400177001953,47.608001708984375,47.62900161743164,447792000,0.009043786691055766
2023-12-14,48.210262298583984,48.34999847412109,48.66999816894531,47.422000885009766,48.38999938964844,391232000,0.005448286809253355
2023-12-15,48.74870681762695,48.88999938964844,49.40399932861328,48.119998931884766,48.19400024414063,479948000,0.011168581852518233
2023-12-18,49.93227767944336,50.07699966430664,50.43299865722656,49.150001525878906,49.400001525878906,412587000,0.024278999580219507
2023-12-19,49.46063995361328,49.604000091552734,49.70000076293945,48.89500045776367,49.42399978637695,464444000,-0.009445445532373697
2023-12-20,47.971954345703125,48.11100006103516,49.999000549316406,48.09799957275391,49.65499877929688,397894000,-0.030098379722642954
2023-12-21,48.848419189453125,48.9900016784668,49.095001220703125,48.41899871826172,48.81100082397461,300425000,0.018270283642337626
2023-12-22,48.68887710571289,48.83000183105469,49.382999420166016,48.46699905395508,49.19499969482422,252507000,-0.003265969420908066
2023-12-26,49.13658142089844,49.27899932861328,49.59999847412109,48.959999084472656,48.96799850463867,244200000,0.009195115312755187
2023-12-27,49.2741813659668,49.41699981689453,49.68000030517578,49.084999084472656,49.51100158691406,233648000,0.0028003914479066694
2023-12-28,49.37887573242188,49.52199935913086,49.88399887084961,49.4119987487793,49.64300155639648,246587000,0.002124765619632596
2023-12-29,49.37887573242188,49.52199935913086,49.99700164794922,48.7509994506836,49.8129997253418,389293000,0.0
2024-01-02,48.02879333496094,48.167999267578125,49.29499816894531,47.595001220703125,49.24399948120117,411254000,-0.02734138583003487
2024-01-03,47.431522369384766,47.56900024414063,48.18399810791016,47.31999969482422,47.48500061035156,320896000,-0.012435621834944621
2024-01-04,47.85928726196289,47.99800109863281,48.5,47.507999420166016,47.766998291015625,306535000,0.009018496337749315
2024-01-05,48.95510482788086,49.09700012207031,49.547000885009766,48.305999755859375,48.46200180053711,415039000,0.022896766496153242
2024-01-08,52.10198593139648,52.25299835205078,52.275001525878906,49.479000091552734,49.512001037597656,642510000,0.06428087708278873
2024-01-09,52.98642349243164,53.13999938964844,54.32500076293945,51.68999862670898,52.4010009765625,773100000,0.016975122300572076
2024-01-10,54.19292068481445,54.34999847412109,54.59999847412109,53.48899841308594,53.61600112915039,533796000,0.022770024433014013
2024-01-11,54.6635627746582,54.821998596191406,55.34600067138672,53.560001373291016,54.999000549316406,596759000,0.008684455111715561
2024-01-12,54.551883697509766,54.709999084472656,54.970001220703125,54.33000183105469,54.619998931884766,352994000,-0.0020429665934603713
2024-01-16,56.219051361083984,56.38199996948242,56.834999084472656,54.900001525878906,55.01800155639648,449580000,0.030561157247109172
2024-01-17,55.89100646972656,56.053001403808594,56.47100067138672,54.7400016784668,56.34700012207031,474394000,-0.0058351701935351885
2024-01-18,56.94196319580078,57.10699844360352,57.59999847412109,56.10699844360352,57.2599983215332,491650000,0.018803578994849524
2024-01-19,59.319068908691406,59.49100112915039,59.5,57.22499847412109,57.98899841308594,543501000,0.04174624390215875
2024-01-22,59.48160171508789,59.65399932861328,60.33100128173828,59.06999969482422,60.04899978637695,452955000,0.0027398799208140368
2024-01-23,59.69997024536133,59.87300109863281,59.90999984741211,58.584999084472656,59.56999969482422,294654000,0.0036712001288148333
2024-01-24,61.184661865234375,61.36199951171875,62.8489990234375,59.9379997253418,60.30400085449219,560271000,0.024869279738174654
2024-01-25,61.43893051147461,61.617000579833984,62.71900177001953,60.84999847412109,62.34999847412109,482777000,0.004155683813180433
2024-01-26,60.854618072509766,61.03099822998047,61.78300094604492,60.573001861572266,60.959999084472656,390309000,-0.009510400446939404
2024-01-29,62.28447723388672,62.46500015258789,62.48899841308594,60.90700149536133,61.23199844360352,348733000,0.023496288184632563
2024-01-30,62.59257888793945,62.77399826049805,63.49300003051758,62.2599983215332,62.900001525878906,410735000,0.004946739888823215
2024-01-31,61.34918212890625,61.527000427246094,62.26900100708008,60.70000076293945,61.43999862670898,453795000,-0.019864878258625374
2024-02-01,62.8448486328125,63.027000427246094,63.19100189208984,61.650001525878906,62.09999847412109,369146000,0.02437954052016078
2024-02-02,65.96879577636719,66.16000366210938,66.5999984741211,63.68999862670898,63.9739990234375,476578000,0.049708905923260494
2024-02-05,69.13162994384766,69.33200073242188,69.49700164794922,67.20500183105469,68.2249984741211,680078000,0.04794433033154655
2024-02-06,68.02584075927734,68.2229995727539,69.75399780273438,66.30000305175781,69.62999725341797,683111000,-0.015995516470785565
2024-02-07,69.89640045166016,70.0989990234375,70.22000122070312,67.5999984741211,68.31900024414062,495575000,0.027498049960160476
2024-02-08,69.43972778320312,69.64099884033203,70.79399871826172,69.45500183105469,70.0739974975586,414422000,-0.006533619445155514
2024-02-09,71.92454528808594,72.13300323486328,72.18499755859375,70.21199798583984,70.53299713134766,436637000,0.03578358202823506
2024-02-12,72.03919982910156,72.24800109863281,74.61100006103516,71.25,72.5999984741211,613710000,0.0015942475512229493
2024-02-13,71.9195556640625,72.12799835205078,73.44999694824219,69.62000274658203,70.4000015258789,602580000,-0.0016609836224839025
2024-02-14,73.68643188476562,73.9000015258789,74.23600006103516,71.93800354003906,73.2020034790039,504917000,0.024567480233946393
2024-02-15,72.4480209350586,72.65799713134766,73.9749984741211,72.4000015258789,73.86900329589844,420122000,-0.016806554382767014
2024-02-16,72.40313720703125,72.61299896240234,74.4020004272461,72.5009994506836,74.0999984741211,495327000,-0.000619314744720656
2024-02-20,69.25128173828125,69.4520034790039,71.95600128173828,67.73400115966797,71.9469985961914,704833000,-0.04353208831155897
2024-02-21,67.27701568603516,67.47200012207031,68.88800048828125,66.24800109863281,68.00599670410156,673755000,-0.028508945138381314
2024-02-22,78.31102752685547,78.53800201416016,78.57499694824219,74.22000122070312,75.0250015258789,865100000,0.1640088017558281
2024-02-23,78.58921813964844,78.81700134277344,82.39399719238281,77.56999969482422,80.79000091552734,829388000,0.0035524118446885744
2024-02-26,78.8634262084961,79.09200286865234,80.64600372314453,78.50499725341797,79.69999694824219,503973000,0.0034891142925232987
2024-02-27,78.47354125976562,78.70099639892578,79.4800033569336,77.16200256347656,79.38099670410156,391705000,-0.004943691593901178
2024-02-28,77.43854522705078,77.66300201416016,78.93299865722656,77.125,77.62000274658203,393110000,-0.013189088223281908
2024-02-29,78.88336181640625,79.11199951171875,79.98999786376953,78.3499984741211,79.09400177001953,507289000,0.018657500482590184
2024-03-01,82.04120635986328,82.27899932861328,82.30000305175781,79.43499755859375,80.0,479135000,0.040031851507247085
2024-03-04,84.99065399169922,85.23699951171875,87.69499969482422,83.71900177001953,84.12999725341797,615616000,0.03595085267495213
2024-03-05,85.71959686279297,85.96399688720703,86.09700012207031,83.41699981689453,85.2699966430664,520639000,0.008529129129989377
2024-03-06,88.44779968261719,88.69999694824219,89.7239990234375,87.02999877929688,88.02200317382812,582520000,0.03182727839685073
2024-03-07,92.40550994873048,92.66899871826172,92.76699829101562,89.60199737548828,90.15799713134766,608119000,0.04474635745856337
2024-03-08,87.27914428710938,87.52799987792969,97.4000015258789,86.50599670410156,95.13800048828124,1142269000,-0.055477008616031664
2024-03-11,85.53012084960938,85.77400207519531,88.7969970703125,84.16600036621094,86.42900085449219,678364000,-0.020039276633540992
2024-03-12,91.65167999267578,91.91300201416016,91.95999908447266,86.1500015258789,88.04900360107422,668075000,0.07157180253269502
2024-03-13,90.62958526611328,90.88800048828124,91.50399780273438,88.43499755859375,91.05500030517578,635713000,-0.011151866476094563
2024-03-14,87.69395446777344,87.94400024414062,90.64600372314452,86.5999984741211,89.5770034790039,602318000,-0.03239151734359258
2024-03-15,87.58726501464844,87.83699798583984,89.5459976196289,86.25700378417969,86.93000030517578,642086000,-0.0012167090194183938
2024-03-18,88.20349884033203,88.45500183105469,92.40499877929688,87.08499908447266,90.38800048828124,668976000,0.007035803356058246
2024-03-19,89.14382934570312,89.39800262451172,90.54399871826172,85.01000213623047,86.69999694824219,672171000,0.010660796720779242
2024-03-20,90.11505126953124,90.37200164794922,90.41000366210938,88.2229995727539,89.7969970703125,479063000,0.010895087080731392
2024-03-21,91.17501831054688,91.43499755859376,92.64800262451172,90.40499877929688,92.3000030517578,480372000,0.01176244734276799
2024-03-22,94.02091979980467,94.28900146484376,94.77799987792967,90.83399963378906,91.14099884033205,586719000,0.031213473860718155
2024-03-25,94.7318878173828,95.0019989013672,96.76599884033205,93.51000213623048,93.94100189208984,552136000,0.007561830387919466
2024-03-26,92.2978286743164,92.56099700927734,96.375,92.5019989013672,95.85099792480467,513648000,-0.02569421612511702
2024-03-27,89.993408203125,90.25,93.23999786376952,89.12300109863281,93.11199951171876,586067000,-0.024967287345075917
2024-03-28,90.09910583496094,90.3560028076172,91.3000030517578,89.19300079345703,90.0,435212000,0.0011745463447889737
2024-04-01,90.1060791015625,90.36299896240234,92.2249984741211,89.2040023803711,90.29900360107422,452441000,7.742877692407113e-05
2024-04-02,89.19766998291016,89.4520034790039,90.09400177001952,87.62000274658203,88.447998046875,433064000,-0.010081510063399746
2024-04-03,88.71104431152344,88.96399688720703,90.3740005493164,88.4000015258789,88.48400115966797,370067000,-0.005455513267642154
2024-04-04,85.66073608398438,85.90499877929688,90.63400268554688,85.87999725341797,90.40599822998048,434965000,-0.03438467486784014
2024-04-05,87.75777435302734,88.00800323486328,88.48100280761719,85.9260025024414,86.86599731445312,399678000,0.024480583033000824
2024-04-08,86.88526916503906,87.13300323486328,88.83000183105469,86.73200225830078,88.69999694824219,283220000,-0.009942277609286565
2024-04-09,85.1113052368164,85.35399627685547,87.63500213623047,83.02200317382812,87.44200134277344,501700000,-0.020417142666511512
2024-04-10,86.7915267944336,87.03900146484375,87.4000015258789,83.70899963378906,83.9260025024414,431929000,0.01974137429397893
2024-04-11,90.3583526611328,90.61599731445312,90.73899841308594,86.9260025024414,87.41999816894531,431637000,0.041096471574920024
2024-04-12,87.93526458740234,88.18599700927734,90.1750030517578,87.52999877929688,89.6989974975586,426805000,-0.026816460417505072
2024-04-15,85.75646209716797,86.0009994506836,90.61299896240234,85.92900085449219,89.0979995727539,443077000,-0.024777148670937943
2024-04-16,87.16645812988281,87.41500091552734,88.11799621582031,86.06400299072266,86.43299865722656,370453000,0.01644168642080257
2024-04-17,83.79606628417969,84.03500366210938,88.7750015258789,83.94999694824219,88.33999633789062,495400000,-0.03866610098973966
2024-04-18,84.43024444580078,84.6709976196289,86.19000244140625,82.4020004272461,84.97000122070312,447260000,0.007568202889319364
2024-04-19,75.98333740234375,76.19999694824219,84.3239974975586,75.60600280761719,83.1500015258789,875198000,-0.10004607137666377
2024-04-22,79.29190826416016,79.51799774169922,80.072998046875,76.4000015258789,78.10399627685547,596341000,0.043543319243316114
2024-04-23,82.18865203857422,82.4229965209961,82.76899719238281,80.26399993896484,80.76899719238281,438559000,0.036532594655278805
2024-04-24,79.4504623413086,79.677001953125,84.08200073242188,79.18299865722656,83.94999694824219,512208000,-0.0333158788660588
2024-04-25,82.3970718383789,82.63200378417969,83.322998046875,78.2229995727539,78.86799621582031,424641000,0.03708726180225952
2024-04-26,87.48554229736328,87.73500061035156,88.33100128173828,83.38700103759766,83.81800079345703,551011000,0.06175569503917644
2024-04-29,87.50747680664062,87.75700378417969,87.99199676513672,85.26599884033203,87.59500122070312,388971000,0.0002507912882550034
2024-04-30,86.15634155273438,86.4020004272461,88.81900024414062,86.30000305175781,87.23999786376953,363709000,-0.015440401318462804
2024-05-01,82.80488586425781,83.04100036621094,86.0,81.25499725341797,85.0770034790039,559863000,-0.03889956302418307
2024-05-02,85.57299041748047,85.81700134277344,86.23699951171875,83.19999694824219,84.4489974975586,377898000,0.03342928149131552
2024-05-03,88.53655242919922,88.78900146484375,89.28099822998047,87.04000091552734,87.78900146484375,398341000,0.034631833734197315
2024-05-06,91.87802124023438,92.13999938964844,92.22000122070312,89.05500030517578,89.38999938964844,376203000,0.0377411376355159
2024-05-07,90.29652404785156,90.5540008544922,91.78099822998048,89.01100158691406,91.0979995727539,437342000,-0.01721292105124994
2024-05-08,90.15492248535156,90.41200256347656,91.19400024414062,89.41999816894531,89.48300170898438,325721000,-0.0015681062092862685
2024-05-09,88.49466705322266,88.74700164794922,91.0719985961914,88.23100280761719,90.52899932861328,378013000,-0.018415706635392604
2024-05-10,89.6224594116211,89.87799835205078,91.4010009765625,89.22699737548828,90.30500030517578,335325000,0.012744055383280717
2024-05-13,90.1419677734375,90.39900207519533,90.9980010986328,88.52899932861328,90.47799682617188,289680000,0.0057967882317959685
2024-05-14,91.09626007080078,91.3560028076172,91.6510009765625,88.93399810791016,89.5989990234375,296507000,0.010586408151119109
2024-05-15,94.36094665527344,94.62999725341795,94.86199951171876,91.5989990234375,92.47200012207033,417735000,0.03583775937193012
2024-05-16,94.0907211303711,94.35900115966795,95.81900024414062,94.10299682617188,94.91000366210938,323952000,-0.0028637440728680463
2024-05-17,92.21605682373048,92.47899627685548,94.73999786376952,91.80599975585938,94.36900329589844,359691000,-0.01992395913169165
2024-05-20,94.5105209350586,94.77999877929688,95.1999969482422,93.44000244140624,93.75,318764000,0.024881352470055518
2024-05-21,95.1147918701172,95.38600158691406,95.4000015258789,93.18000030517578,93.5989990234375,328946000,0.006393783661343022
2024-05-22,94.68002319335938,94.9499969482422,96.0199966430664,93.2490005493164,95.45899963378906,548648000,-0.00457094994462659
2024-05-23,103.50389099121094,103.79900360107422,106.31999969482422,101.5199966430664,102.02799987792967,835065000,0.09319649223006987
2024-05-24,106.16627502441406,106.46900177001952,106.4749984741211,103.0,104.4489974975586,429494000,0.025722772630908608
2024-05-28,113.5771484375,113.9010009765625,114.93900299072266,109.88300323486328,110.24400329589844,652728000,0.0698043475846295
2024-05-29,114.49852752685548,114.8249969482422,115.49199676513672,110.9010009765625,113.0500030517578,557442000,0.00811227262058778
2024-05-30,110.18582153320312,110.5,115.81900024414062,109.66300201416016,114.6500015258789,484553000,-0.037665987922400834
2024-05-31,109.3212890625,109.63300323486328,112.71700286865234,106.94000244140624,112.5199966430664,613263000,-0.007846124571373014
2024-06-03,114.67302703857422,115.0,115.0,112.00299835205078,113.62100219726562,438392000,0.048954207280440754
2024-06-04,116.10594177246094,116.43699645996094,116.5999984741211,114.04499816894533,115.71600341796876,403324000,0.012495621390964606
2024-06-05,122.09186553955078,122.44000244140624,122.4489974975586,117.46800231933594,118.37100219726562,528402000,0.05155582988186702
2024-06-06,120.65396881103516,120.9980010986328,125.58699798583984,118.31999969482422,124.0479965209961,664696000,-0.011777207726400563
2024-06-07,120.54429626464844,120.88800048828124,121.69200134277344,118.02200317382812,119.7699966430664,412386000,-0.0009091109716919954
2024-06-10,121.44371032714844,121.79000091552734,123.0999984741211,117.01000213623048,120.37000274658205,313434100,0.0074614554265337585
2024-06-11,120.5761260986328,120.91000366210938,122.87000274658205,118.73999786376952,121.7699966430664,222551200,-0.007225529573879674
2024-06-12,124.85426330566406,125.1999969482422,126.87999725341795,122.56999969482422,123.05999755859376,299595000,0.03548087963111368
2024-06-13,129.2521209716797,129.61000061035156,129.8000030517578,127.16000366210938,129.38999938964844,260704500,0.03522367228117784
2024-06-14,131.51583862304688,131.8800048828125,132.83999633789062,128.32000732421875,129.9600067138672,309320400,0.017514113585149094
2024-06-17,130.6183319091797,130.97999572753906,133.72999572753906,129.5800018310547,132.99000549316406,288504400,-0.00682445497384665
2024-06-18,135.20562744140625,135.5800018310547,136.3300018310547,130.69000244140625,131.13999938964844,294335100,0.03511991337275977
2024-06-20,130.4188690185547,130.77999877929688,140.75999450683594,129.52000427246094,139.8000030517578,517768400,-0.03540347386732645
2024-06-21,126.22048950195312,126.56999969482422,130.6300048828125,124.3000030517578,127.12000274658205,649445800,-0.032191459885065554
2024-06-24,117.78384399414062,118.11000061035156,124.45999908447266,118.04000091552734,123.23999786376952,476060900,-0.06684047645469504
2024-06-25,125.74180603027344,126.08999633789062,126.5,119.31999969482422,121.1999969482422,414192600,0.06756409860554746
2024-06-26,126.05095672607422,126.4000015258789,128.1199951171875,122.5999984741211,126.12999725341795,362975900,0.0024586025615984664
2024-06-27,123.64761352539062,123.98999786376952,126.41000366210938,122.91999816894533,124.0999984741211,252571700,-0.01906648443841963
2024-06-28,123.19886779785156,123.54000091552734,127.70999908447266,122.75,124.58000183105467,315516700,-0.003629300395154411
2024-07-01,123.95675659179688,124.3000030517578,124.83999633789062,118.83000183105467,123.47000122070312,284885500,0.006151870896861311
2024-07-02,122.33126068115234,122.66999816894533,123.41000366210938,121.02999877929688,121.12999725341795,218374000,-0.01311347419785458
2024-07-03,127.92579650878906,128.27999877929688,128.27999877929688,121.36000061035156,121.66000366210938,215749000,0.0457324585806651
2024-07-05,125.48253631591795,125.83000183105467,128.85000610351562,125.68000030517578,127.37999725341795,214176700,-0.01909882266570151
2024-07-08,127.84598541259766,128.1999969482422,130.77000427246094,127.04000091552734,127.48999786376952,237677300,0.01883489694587759
2024-07-09,131.01724243164062,131.3800048828125,133.82000732421875,128.64999389648438,130.35000610351562,285366600,0.024805054682287997
2024-07-10,134.5374755859375,134.91000366210938,135.10000610351562,132.4199981689453,134.02999877929688,248978600,0.026868615071566904
2024-07-11,127.0481948852539,127.4000015258789,136.14999389648438,127.0500030517578,135.75,374782700,-0.055666755113577326
2024-07-12,128.8831329345703,129.24000549316406,131.9199981689453,127.22000122070312,128.25999450683594,252680500,0.014442731124389985
2024-07-15,128.0853271484375,128.44000244140625,131.38999938964844,127.18000030517578,130.55999755859375,208326200,-0.006190057395193516
2024-07-16,126.01107025146484,126.36000061035156,129.0399932861328,124.58000183105467,128.44000244140625,214769500,-0.01619434593209057
2024-07-17,117.6641845703125,117.98999786376952,121.8499984741211,116.72000122070312,121.3499984741211,390086200,-0.06623933765552992
2024-07-18,120.75560760498048,121.08999633789062,122.4000015258789,116.55999755859376,121.8499984741211,320979500,0.026273400544513548
2024-07-19,117.60435485839844,117.93000030517578,121.5999984741211,117.37000274658205,120.3499984741211,217223800,-0.02609626004031884
2024-07-22,123.19886779785156,123.54000091552734,124.06999969482422,119.86000061035156,120.3499984741211,258068900,0.04757059777693695
2024-07-23,122.2514877319336,122.58999633789062,124.69000244140624,122.0999984741211,122.77999877929688,173911000,-0.007689854060194623
2024-07-24,113.93450927734376,114.25,119.9499969482422,113.44000244140624,119.16999816894533,327776900,-0.06803162237564131
2024-07-25,111.9699478149414,112.27999877929688,116.62999725341795,106.3000030517578,113.04000091552734,460067000,-0.01724289908711707
2024-07-26,112.74779510498048,113.05999755859376,116.1999969482422,111.58000183105467,116.19000244140624,293399100,0.006946907621811604
2024-07-29,111.28185272216795,111.58999633789062,116.27999877929688,111.3000030517578,113.69000244140624,248152100,-0.013001956947162552
2024-07-30,103.4435577392578,103.7300033569336,111.98999786376952,102.54000091552734,111.5199966430664,486833300,-0.07043635844522522
2024-07-31,116.69685363769533,117.0199966430664,118.33999633789062,110.87999725341795,112.9000015258789,473174200,0.12812101471164627
2024-08-01,108.9084243774414,109.20999908447266,120.16000366210938,106.80999755859376,117.52999877929688,523462300,-0.06674070913209607
2024-08-02,106.9737777709961,107.2699966430664,108.72000122070312,101.37000274658205,103.76000213623048,482027500,-0.01776396353511256
2024-08-05,100.17261505126952,100.4499969482422,103.41000366210938,90.69000244140624,92.05999755859376,552842400,-0.06357788671810338
2024-08-06,103.96212005615234,104.25,107.70999908447266,100.5500030517578,103.83999633789062,409012100,0.037829797582928704
2024-08-07,98.63687133789062,98.91000366210938,108.8000030517578,98.69000244140624,107.80999755859376,411440400,-0.05122298645458634
2024-08-08,104.68013763427734,104.97000122070312,105.5,97.5199966430664,102.0,391910000,0.061267792278074884
2024-08-09,104.46075439453124,104.75,106.5999984741211,103.43000030517578,105.63999938964844,290844200,-0.0020958485104765057
2024-08-12,108.71895599365234,109.0199966430664,111.06999969482422,106.26000213623048,106.31999969482422,325559900,0.04076369110325917
2024-08-13,115.81929779052734,116.13999938964844,116.2300033569336,111.58000183105467,112.44000244140624,312646700,0.06530914479747296
2024-08-14,117.7539291381836,118.08000183105467,118.5999984741211,114.06999969482422,118.52999877929688,339246400,0.016703999066657094
2024-08-15,122.52074432373048,122.86000061035156,123.23999786376952,117.47000122070312,118.76000213623048,318086700,0.04048101884463007
2024-08-16,124.23597717285156,124.58000183105467,125.0,121.18000030517578,121.94000244140624,302589900,0.01399968429235221
2024-08-19,129.64102172851562,130.0,130.0,123.41999816894533,124.27999877929688,318333600,0.043506165430110544
2024-08-20,126.89861297607422,127.25,129.8800048828125,125.88999938964844,128.39999389648438,300087400,-0.02115384615384619
2024-08-21,128.1451873779297,128.5,129.35000610351562,126.66000366210938,127.31999969482422,257883600,0.00982318271119853
2024-08-22,123.3982925415039,123.73999786376952,130.75,123.0999984741211,130.02000427246094,376189100,-0.03704281818078192
2024-08-23,129.0127716064453,129.3699951171875,129.60000610351562,125.22000122070312,125.86000061035156,323230300,0.045498604740694004
2024-08-26,126.11080169677734,126.45999908447266,131.25999450683594,124.37000274658205,129.57000732421875,331964700,-0.02249359312473398
2024-08-27,127.94574737548828,128.3000030517578,129.1999969482422,123.87999725341795,125.0500030517578,303134600,0.014550086830667164
2024-08-28,125.26315307617188,125.61000061035156,128.3300018310547,122.63999938964844,128.1199951171875,448101100,-0.020966503331422914
2024-08-29,117.2652816772461,117.58999633789062,124.43000030517578,116.70999908447266,121.36000061035156,453023300,-0.06384845341526102
2024-08-30,119.04037475585938,119.37000274658205,121.75,117.22000122070312,119.52999877929688,333751600,0.015137396582415308
2024-09-03,107.7017822265625,108.0,116.20999908447266,107.29000091552734,116.01000213623048,477155100,-0.09525008364723031
2024-09-04,105.91671752929688,106.20999908447266,113.2699966430664,104.12000274658205,105.41000366210938,372470300,-0.016574082551179092
2024-09-05,106.9139633178711,107.20999908447266,109.6500015258789,104.76000213623048,104.98999786376952,306850700,0.009415309374070091
2024-09-06,102.5460433959961,102.83000183105467,108.1500015258789,100.9499969482422,108.04000091552734,413638100,-0.04085437264081038
2024-09-09,106.17599487304688,106.47000122070312,106.5500030517578,103.69000244140624,104.87999725341795,273912000,0.03539822352263311
2024-09-10,107.80148315429688,108.0999984741211,109.4000015258789,104.9499969482422,107.80999755859376,268283700,0.015309450875642616
2024-09-11,116.58716583251952,116.91000366210938,117.19000244140624,107.41999816894533,109.38999938964844,441422400,0.08149866153881002
2024-09-12,118.82118225097656,119.13999938964844,120.79000091552734,115.37999725341795,116.83999633789062,366052700,0.019074464611122055
2024-09-13,118.7812728881836,119.0999984741211,119.95999908447266,117.5999984741211,119.08000183105467,238358300,-0.0003357471523608435
2024-09-16,116.46749114990234,116.77999877929688,118.18000030517578,114.36000061035156,116.79000091552734,248772300,-0.019479426738433836
2024-09-17,115.28067016601562,115.58999633789062,118.8000030517578,114.83000183105467,118.16999816894533,231925900,-0.010190122057247453
2024-09-18,113.06661987304688,113.37000274658205,117.6999969482422,113.22000122070312,115.88999938964844,310318900,-0.019205758816871477
2024-09-19,117.55457305908205,117.87000274658205,119.66000366210938,117.25,117.3499984741211,293506400,0.03969303952526948
2024-09-20,115.68958282470705,116.0,118.62000274658205,115.38999938964844,117.05999755859376,382462400,-0.015864958878490154
2024-09-23,115.94888305664062,116.26000213623048,116.98999786376952,114.86000061035156,116.5500030517578,206228500,0.0022413977261248608
2024-09-24,120.54655456542967,120.87000274658205,121.8000030517578,115.37999725341795,116.5199966430664,354966800,0.03965250753177929
2024-09-25,123.17948150634766,123.51000213623048,124.94000244140624,121.61000061035156,122.0199966430664,284692900,0.021841642505655345
2024-09-26,123.70806121826172,124.04000091552734,127.66999816894533,121.8000030517578,126.8000030517578,302582900,0.004291140556473172
2024-09-27,121.07513427734376,121.4000015258789,124.02999877929688,119.26000213623048,123.97000122070312,271009200,-0.02128345187167735
2024-09-30,121.11502075195312,121.44000244140624,121.5,118.1500015258789,118.30999755859376,226553700,0.0003294968288678479
2024-10-01,116.68689727783205,117.0,122.44000244140624,115.79000091552734,121.7699966430664,302094500,-0.03656128419091975
2024-10-02,118.53195190429688,118.8499984741211,119.37999725341795,115.13999938964844,116.44000244140624,221845900,0.015811952770265814
2024-10-03,122.52125549316406,122.8499984741211,124.36000061035156,120.33999633789062,120.91999816894533,277118000,0.03365586917420926
2024-10-04,124.58570861816406,124.91999816894533,125.04000091552734,121.83000183105467,124.94000244140624,243678100,0.01684981457496959
2024-10-07,127.37821197509766,127.72000122070312,130.63999938964844,124.9499969482422,124.98999786376952,346250200,0.022414369939159018
2024-10-08,132.5343780517578,132.88999938964844,133.47999572753906,129.4199981689453,130.25999450683594,285722500,0.04047915846799466
2024-10-09,132.29501342773438,132.64999389648438,134.52000427246094,131.3800048828125,134.11000061035156,246191600,-0.0018060463109819125
2024-10-10,134.44923400878906,134.80999755859375,135.0,131.0,131.91000366210938,242311300,0.016283481051608373
2024-10-11,134.4392852783203,134.8000030517578,135.77999877929688,133.66000366210938,134.00999450683594,170209500,-7.41377272972521e-05
2024-10-14,137.7005157470703,138.07000732421875,139.60000610351562,136.3000030517578,136.47000122070312,232347700,0.02425819138301799
2024-10-15,131.2478485107422,131.60000610351562,138.57000732421875,128.74000549316406,137.8699951171875,377831000,-0.04686029461496399
2024-10-16,135.35678100585938,135.72000122070312,136.6199951171875,131.5800018310547,133.97999572753906,264879700,0.031306952326026094
2024-10-17,136.5635528564453,136.92999267578125,140.88999938964844,136.8699951171875,139.33999633789062,306435900,0.008915351047709352
2024-10-18,137.63070678710938,138.0,138.89999389648438,137.27999877929688,138.6699981689453,176090200,0.007814265547740673
2024-10-21,143.325439453125,143.7100067138672,143.7100067138672,138.0,138.1300048828125,264554500,0.041376860245414315
2024-10-22,143.2057342529297,143.58999633789062,144.4199981689453,141.77999877929688,142.91000366210938,226311600,-0.0008350871224681589
2024-10-23,139.18653869628906,139.55999755859375,142.42999267578125,137.4600067138672,142.02999877929688,285930000,-0.028066013525159694
2024-10-24,140.03427124023438,140.41000366210938,141.35000610351562,138.4600067138672,140.82000732421875,172354900,0.006090614204537825
2024-10-25,141.16123962402344,141.5399932861328,144.1300048828125,140.8000030517578,140.92999267578125,205122100,0.008047785731440493
2024-10-28,140.1439666748047,140.52000427246094,143.13999938964844,140.0500030517578,143.0,173586700,-0.007206366130100728
2024-10-29,140.87200927734375,141.25,142.25999450683594,138.89999389648438,140.2899932861328,157593600,0.005194959474407845
2024-10-30,138.9671173095703,139.33999633789062,140.3300018310547,136.80999755859375,139.5399932861328,179418100,-0.013522149820243357
2024-10-31,132.40472412109375,132.75999450683594,137.61000061035156,132.11000061035156,137.60000610351562,270039600,-0.047222635309237426
2024-11-01,135.03765869140625,135.39999389648438,137.30999755859375,134.57000732421875,134.6999969482422,207127800,0.019885503908427138
2024-11-04,135.6859130859375,136.0500030517578,138.9600067138672,135.57000732421875,137.2100067138672,187528200,0.004800658674847469
2024-11-05,139.53558349609375,139.91000366210938,140.3699951171875,137.3300018310547,137.4499969482422,160537400,0.02837192593728277
2024-11-06,145.22035217285156,145.61000061035156,146.49000549316406,141.9600067138672,142.9600067138672,242043900,0.040740453141635324
2024-11-07,148.4816131591797,148.8800048828125,148.92999267578125,146.1699981689453,146.38999938964844,207323300,0.02245727806300457
2024-11-08,147.2349090576172,147.6300048828125,149.77000427246094,146.25999450683594,148.77000427246094,175665800,-0.008396023367838512
2024-11-11,144.87127685546875,145.25999450683594,148.85000610351562,143.57000732421875,148.67999267578125,182325600,-0.016053717385282607
2024-11-12,147.89315795898438,148.2899932861328,149.64999389648438,146.00999450683594,146.77999877929688,198634700,0.020859141497174383
2024-11-13,145.8785858154297,146.27000427246094,149.3300018310547,145.89999389648438,149.07000732421875,191903300,-0.013621883506152788
2024-11-14,146.3672637939453,146.75999450683594,149.0,145.5500030517578,147.63999938964844,194463300,0.003349902372753677
2024-11-15,141.6000518798828,141.97999572753906,145.24000549316406,140.0800018310547,144.8699951171875,250132900,-0.032570175512470656
2024-11-18,139.7749481201172,140.14999389648438,141.5500030517578,137.14999389648438,139.5,221205300,-0.012889152599824594
2024-11-19,146.6165771484375,147.00999450683594,147.1300048828125,140.99000549316406,141.32000732421875,227834900,0.04894756267644507
2024-11-20,145.4995880126953,145.88999938964844,147.55999755859375,142.72999572753906,147.41000366210938,309871700,-0.007618496422264864
2024-11-21,146.27748107910156,146.6699981689453,152.88999938964844,140.6999969482422,149.35000610351562,400946600,0.0053464855888691876
2024-11-22,141.57012939453125,141.9499969482422,147.16000366210938,141.10000610351562,145.92999267578125,236406200,-0.032181095518023284
2024-11-25,135.656005859375,136.02000427246094,142.0500030517578,135.82000732421875,141.99000549316406,344941900,-0.04177522228438968
2024-11-26,136.55360412597656,136.9199981689453,139.3000030517578,135.6699981689453,137.6999969482422,190287700,0.006616628938502345
2024-11-27,134.97781372070312,135.33999633789062,137.22000122070312,131.8000030517578,135.00999450683594,226370900,-0.011539598686709951
2024-11-29,137.88003540039062,138.25,139.35000610351562,136.0500030517578,136.77999877929688,141863200,0.021501431512117364
2024-12-02,138.259033203125,138.6300048828125,140.4499969482422,137.82000732421875,138.8300018310547,171682800,0.0027486790800181904
2024-12-03,139.88465881347656,140.25999450683594,140.5399932861328,137.9499969482422,138.25999450683594,164414000,0.011757841496155885
2024-12-04,144.75160217285156,145.13999938964844,145.7899932861328,140.2899932861328,142.0,231224300,0.03479256433718647
2024-12-05,144.68179321289062,145.05999755859375,146.5399932861328,143.9499969482422,145.11000061035156,172621200,-0.0005512045706980162
2024-12-06,142.068603515625,142.44000244140625,145.6999969482422,141.30999755859375,144.60000610351562,188505600,-0.018061458439837752
2024-12-09,138.44805908203125,138.80999755859375,139.9499969482422,137.1300048828125,138.97000122070312,189308600,-0.02548444833329544
2024-12-10,134.71783447265625,135.07000732421875,141.82000732421875,133.7899932861328,139.00999450683594,210020900,-0.026943233917976928
2024-12-11,138.94676208496094,139.30999755859375,140.1699981689453,135.2100067138672,137.36000061035156,184905200,0.03139105652224794
2024-12-12,136.9818878173828,137.33999633789062,138.44000244140625,135.8000030517578,137.0800018310547,159211400,-0.014141133122011151
2024-12-13,133.89996337890625,134.25,139.60000610351562,132.5399932861328,138.94000244140625,231514900,-0.02249888175538073
2024-12-16,131.6558074951172,132.0,134.39999389648438,130.4199981689453,134.17999267578125,237951100,-0.016759776536312887
2024-12-17,130.05001831054688,130.38999938964844,131.58999633789062,126.86000061035156,129.08999633789062,259410300,-0.01219697432084521
2024-12-18,128.5738983154297,128.91000366210938,136.6999969482422,128.27999877929688,133.86000061035156,277444500,-0.011350530979882478
2024-12-19,130.33926391601562,130.67999267578125,134.02999877929688,129.5500030517578,131.75999450683594,209719200,0.013730424043049805
2024-12-20,134.34878540039062,134.6999969482422,135.27999877929688,128.22000122070312,129.80999755859375,306528600,0.030762201544000778
2024-12-23,139.30581665039062,139.6699981689453,139.7899932861328,135.1199951171875,136.27999877929688,176053500,0.03689681761917796
2024-12-24,139.85440063476562,140.22000122070312,141.89999389648438,138.64999389648438,140.0,105157000,0.003937875413247527
2024-12-26,139.56515502929688,139.92999267578125,140.85000610351562,137.72999572753906,139.6999969482422,116205600,-0.0020682394979116836
2024-12-27,136.6527557373047,137.00999450683594,139.02000427246094,134.7100067138672,138.5500030517578,170582600,-0.02086756465221129
2024-12-30,137.1315155029297,137.49000549316406,140.27000427246094,134.02000427246094,134.8300018310547,167734700,0.0035034742396415908
2024-12-31,133.93984985351562,134.2899932861328,138.07000732421875,133.8300018310547,138.02999877929688,155659200,-0.0232745078127905
2025-01-02,137.94935607910156,138.30999755859375,138.8800048828125,134.6300048828125,136.0,198247200,0.029935248145373627
2025-01-03,144.0933074951172,144.47000122070312,144.89999389648438,139.72999572753906,140.00999450683594,229322500,0.04453766011744564
2025-01-06,149.04037475585938,149.42999267578125,152.16000366210938,147.82000732421875,148.58999633789062,265377400,0.03433232791007512
2025-01-07,139.7746124267578,140.13999938964844,153.1300048828125,140.00999450683594,153.02999877929688,351782200,-0.06216953584605567
2025-01-08,139.74468994140625,140.11000061035156,143.9499969482422,137.55999755859375,142.5800018310547,227349900,-0.0002140629329779875
2025-01-10,135.55564880371094,135.91000366210938,139.9199981689453,134.22000122070312,137.4499969482422,207602500,-0.029976425165555876
2025-01-13,132.8826141357422,133.22999572753906,133.49000549316406,129.50999450683594,129.99000549316406,204808900,-0.019718989495675188
2025-01-14,131.41644287109375,131.75999450683594,136.3800048828125,130.0500030517578,136.0500030517578,195590500,-0.011033560518228458
2025-01-15,135.88479614257812,136.24000549316406,136.4499969482422,131.2899932861328,133.64999389648438,185217300,0.034001299127981444
2025-01-16,133.2217559814453,133.57000732421875,138.75,133.49000549316406,138.63999938964844,209235600,-0.019597754413473556
2025-01-17,137.3509521484375,137.7100067138672,138.5,135.4600067138672,136.69000244140625,201188800,0.030994977634457133
2025-01-21,140.46279907226562,140.8300018310547,141.8300018310547,137.08999633789062,139.16000366210938,197749000,0.02265627016975036
2025-01-22,146.68653869628906,147.07000732421875,147.7899932861328,143.6699981689453,144.66000366210938,237651400,0.044308779464831805
2025-01-23,146.83615112304688,147.22000122070312,147.22999572753906,143.72000122070312,145.0500030517578,155915500,0.0010198809343477944
2025-01-24,142.24813842773438,142.6199951171875,148.97000122070312,141.8800048828125,148.3699951171875,234657600,-0.031245795852287594
2025-01-27,118.11123657226562,118.41999816894533,128.39999389648438,116.6999969482422,124.8000030517578,818830900,-0.16968165598629847
2025-01-28,128.6536865234375,128.99000549316406,129.0,116.25,121.80999755859376,579666400,0.08925863441695814
2025-01-29,123.37747192382812,123.6999969482422,126.88999938964844,120.0500030517578,126.5,467120600,-0.04101099557827537
2025-01-30,124.32498931884766,124.6500015258789,125.0,118.0999984741211,123.0999984741211,392925500,0.007679907850233869
2025-01-31,119.7569351196289,120.06999969482422,127.8499984741211,119.19000244140624,123.77999877929688,388161100,-0.03674289430396693
2025-02-03,116.3558349609375,116.66000366210938,118.56999969482422,113.01000213623048,114.75,371235700,-0.028400066972448235
2025-02-04,118.34064483642578,118.6500015258789,121.1999969482422,116.6999969482422,116.95999908447266,256550000,0.01705809875965114
2025-02-05,124.50452423095705,124.83000183105467,125.0,120.76000213623048,121.76000213623048,262230800,0.052085969032438895
2025-02-06,128.34446716308594,128.67999267578125,128.77000427246094,125.20999908447266,127.41999816894533,251483600,0.030841871250928632
2025-02-07,129.50144958496094,129.83999633789062,130.3699951171875,125.0,129.22000122070312,228186300,0.009014638857122836
2025-02-10,133.2217559814453,133.57000732421875,135.0,129.9600067138672,130.08999633789062,216989100,0.0287277502428549
2025-02-11,132.45375061035156,132.8000030517578,134.47999572753906,131.02000427246094,132.5800018310547,178902400,-0.005764799208192617
2025-02-12,130.79808044433594,131.13999938964844,132.24000549316406,129.0800018310547,130.02000427246094,160278600,-0.012500027288872895
2025-02-13,134.937255859375,135.2899932861328,136.5,131.1699981689453,131.55999755859375,197430000,0.031645523225554806
2025-02-14,138.4879608154297,138.85000610351562,139.25,135.5,136.47999572753906,195479600,0.026313940380302325
2025-02-18,139.03651428222656,139.39999389648438,143.44000244140625,137.92999267578125,141.27000427246094,219176600,0.003961021021192668
2025-02-19,138.8669891357422,139.22999572753906,141.36000061035156,137.22000122070312,139.50999450683594,167536000,-0.0012194991132606914
2025-02-20,139.74468994140625,140.11000061035156,140.66000366210938,136.7899932861328,140.02999877929688,143903600,0.006320512172783399
2025-02-21,134.07949829101562,134.42999267578125,141.4600067138672,134.02999877929688,140.0399932861328,228217600,-0.04053963250179782
2025-02-24,129.94032287597656,130.27999877929688,138.58999633789062,130.0800018310547,136.55999755859375,251381100,-0.030871041602251292
2025-02-25,126.2998275756836,126.62999725341795,130.1999969482422,124.44000244140624,129.97999572753906,271428700,-0.028016591649361877
2025-02-26,130.93771362304688,131.27999877929688,133.72999572753906,128.49000549316406,129.99000549316406,322553800,0.03672116897051736
2025-02-27,119.83672332763672,120.1500015258789,135.00999450683594,120.01000213623048,135.0,443175800,-0.08478060143898469
2025-02-28,124.59429168701172,124.91999816894533,125.08999633789062,116.4000015258789,118.0199966430664,389091100,0.039700346088127336
2025-03-03,113.76261138916016,114.05999755859376,123.6999969482422,112.27999877929688,123.51000213623048,411381400,-0.08693564496906403
2025-03-04,115.68757629394533,115.98999786376952,119.30999755859376,110.11000061035156,110.6500015258789,398163300,0.016920921852416226
2025-03-05,116.99415588378906,117.3000030517578,118.27999877929688,114.51000213623048,117.58000183105467,284337900,0.01129412201151081
2025-03-06,110.28170776367188,110.56999969482422,115.3499984741211,110.22000122070312,113.52999877929688,321181900,-0.05737428117511656
2025-03-07,112.39618682861328,112.69000244140624,113.4800033569336,107.55999755859376,111.25,341755500,0.019173399226130705
2025-03-10,106.70106506347656,106.9800033569336,111.8499984741211,105.45999908447266,109.9000015258789,366487400,-0.05066997036797105
2025-03-11,108.47642517089844,108.76000213623048,112.23999786376952,104.7699966430664,106.98999786376952,354865700,0.016638612109199702
2025-03-12,115.44884490966795,115.73999786376952,116.76000213623048,112.87999725341795,114.12000274658205,323857500,0.06417796607613191
2025-03-13,115.28925323486328,115.58000183105467,117.76000213623048,113.79000091552734,117.02999877929688,299033100,-0.0013823745953681632
2025-03-14,121.36392211914062,121.66999816894533,121.87999725341795,118.1500015258789,118.61000061035156,277593500,0.052690744431658
2025-03-17,119.22931671142578,119.52999877929688,122.88999938964844,118.02999877929688,122.73999786376952,255501500,-0.01758855446580143
2025-03-18,115.1396255493164,115.43000030517578,119.0199966430664,114.54000091552734,118.0,299686900,-0.03430099988281132
2025-03-19,117.22435760498048,117.5199966430664,120.4499969482422,115.68000030517578,117.2699966430664,273426200,0.018106179783115905
2025-03-20,118.23181915283205,118.52999877929688,120.1999969482422,116.47000122070312,116.5500030517578,248829700,0.008594300247455555
2025-03-21,117.4039077758789,117.6999969482422,117.98999786376952,115.41999816894533,116.94000244140624,266498500,-0.007002462158125389
2025-03-24,121.10458374023438,121.41000366210938,122.22000122070312,119.33999633789062,119.87999725341795,228452500,0.03152087349244903
2025-03-25,120.38639068603516,120.69000244140624,121.29000091552734,118.91999816894533,120.5500030517578,167447200,-0.005930328630142756
2025-03-26,113.47382354736328,113.76000213623048,118.83999633789062,112.70999908447266,118.7300033569336,293463300,-0.05741983731038702
2025-03-27,111.1496810913086,111.43000030517578,114.4499969482422,110.66000366210938,111.3499984741211,236902100,-0.020481731604263365
2025-03-28,109.39410400390624,109.66999816894533,112.87000274658205,109.06999969482422,111.48999786376952,229872500,-0.015794688426907455
2025-03-31,108.10735321044922,108.37999725341795,110.95999908447266,103.6500015258789,105.12999725341795,299212700,-0.011762568952906727
2025-04-01,109.87290954589844,110.1500015258789,110.1999969482422,106.47000122070312,108.5199966430664,222614000,0.016331466297440977
2025-04-02,110.14221954345705,110.41999816894533,111.9800033569336,106.79000091552734,107.29000091552734,220601200,0.002451172395154133
2025-04-03,101.5439224243164,101.8000030517578,105.62999725341795,101.5999984741211,103.51000213623048,338769400,-0.07806552490608376
2025-04-04,94.07275390625,94.30999755859376,100.12999725341795,92.11000061035156,98.91000366210938,532273800,-0.07357569026158006
2025-04-07,97.39437103271484,97.63999938964844,101.75,86.62000274658203,87.45999908447266,611041300,0.0353091073826588
2025-04-08,96.05775451660156,96.3000030517578,105.8499984741211,94.45999908447266,103.80999755859376,476243400,-0.013723846233787529
2025-04-09,114.04239654541016,114.33000183105467,115.0999984741211,97.52999877929688,98.88999938964844,612918300,0.18722739572091607
2025-04-10,107.29939270019533,107.56999969482422,110.86000061035156,99.1500015258789,109.37000274658205,437812400,-0.05912710599112647
2025-04-11,110.65094757080078,110.93000030517578,111.5500030517578,107.4800033569336,108.5,313417300,0.031235480337304722
2025-04-14,110.43150329589844,110.70999908447266,114.29000091552734,109.06999969482422,114.11000061035156,264705000,-0.0019832436680599086
2025-04-15,111.9177474975586,112.1999969482422,113.62000274658205,110.5,110.97000122070312,228966900,0.013458566309197284
2025-04-16,104.2271499633789,104.48999786376952,106.79000091552734,100.4499969482422,104.5500030517578,397016900,-0.06871657124936736
2025-04-17,101.23468780517578,101.48999786376952,104.47000122070312,100.0500030517578,104.4499969482422,292517500,-0.02871088201103511
2025-04-21,96.6662139892578,96.91000366210938,99.44000244140624,95.04000091552734,98.7699966430664,288501100,-0.04512754259595009
2025-04-22,98.64122009277344,98.88999938964844,99.80999755859376,97.27999877929688,98.77999877929688,241004800,0.020431283177354986
2025-04-23,102.45162200927734,102.70999908447266,104.8000030517578,102.0199966430664,104.5199966430664,247526000,0.0386287766043214
2025-04-24,106.16226196289062,106.43000030517578,106.54000091552734,103.11000061035156,103.4800033569336,220815000,0.036218491421109444
2025-04-25,110.73074340820312,111.01000213623048,111.91999816894533,105.7300033569336,106.8499984741211,251064700,0.04303299650401282
2025-04-28,108.45648956298828,108.7300033569336,110.37000274658205,106.0199966430664,109.69000244140624,207708500,-0.02053867881651683
2025-04-29,108.74574279785156,109.0199966430664,110.1999969482422,107.44000244140624,107.66999816894533,170444300,0.0026670953479219772
2025-04-30,108.64599609375,108.91999816894533,108.91999816894533,104.08000183105467,104.47000122070312,235044600,-0.000917248919466318
2025-05-01,111.32923889160156,111.61000061035156,114.94000244140624,111.3000030517578,113.08000183105467,236121500,0.024697048169554536
2025-05-02,114.21196746826172,114.5,115.4000015258789,113.37000274658205,114.18000030517578,190194800,0.02589373151011709
2025-05-05,113.53368377685548,113.81999969482422,114.66999816894533,112.66000366210938,112.91000366210938,133163200,-0.005938867294111638
2025-05-06,113.25438690185548,113.54000091552734,114.73999786376952,110.81999969482422,111.4800033569336,158525600,-0.00246001388198569
2025-05-07,116.7655258178711,117.05999755859376,117.68000030517578,112.27999877929688,113.0500030517578,206758800,0.0310022601257971
2025-05-08,117.07474517822266,117.37000274658205,118.68000030517578,115.8499984741211,118.25,198428100,0.002648258965092687
2025-05-09,116.3565673828125,116.6500015258789,118.2300033569336,115.20999908447266,117.3499984741211,132972200,-0.006134456878711392
2025-05-12,122.69058990478516,123.0,123.0,120.27999877929688,121.97000122070312,225023300,0.05443633425681815
2025-05-13,129.6031494140625,129.92999267578125,131.22000122070312,124.47000122070312,124.9800033569336,330430100,0.05634140386814024
2025-05-14,134.99954223632812,135.33999633789062,135.44000244140625,131.67999267578125,133.1999969482422,281180800,0.041637835504302334
2025-05-15,134.49082946777344,134.8300018310547,136.3000030517578,132.66000366210938,134.2899932861328,226632600,-0.0037682467905694184
2025-05-16,135.0593719482422,135.39999389648438,136.35000610351562,133.4600067138672,136.22000122070312,226542500,0.004227486892300902
2025-05-19,135.22897338867188,135.57000732421875,135.8699951171875,132.38999938964844,132.38999938964844,193154600,0.001255638370739831
2025-05-20,134.04196166992188,134.3800048828125,134.5800018310547,132.6199951171875,134.2899932861328,161514200,-0.008777770724466616
2025-05-21,131.46844482421875,131.8000030517578,137.39999389648438,130.58999633789062,133.05999755859375,270608700,-0.01919929853630087
2025-05-22,132.49583435058594,132.8300018310547,134.25,131.5500030517578,132.22999572753906,187344000,0.007814861573959053
2025-05-23,130.959716796875,131.2899932861328,132.67999267578125,129.16000366210938,130.0,198821300,-0.011593830638356839
2025-05-27,135.15914916992188,135.5,135.66000366210938,133.30999755859375,134.14999389648438,192953600,0.032066470631100685
2025-05-28,134.47085571289062,134.80999755859375,137.25,134.7899932861328,136.02999877929688,304021100,-0.005092268940267486
2025-05-29,138.83984375,139.19000244140625,143.49000549316406,137.91000366210938,142.25,369241900,0.0324902081606282
2025-05-30,134.7900848388672,135.1300048828125,139.6199951171875,132.9199981689453,138.72000122070312,333170900,-0.0291687440719951
2025-06-02,137.03439331054688,137.3800048828125,138.1199951171875,135.39999389648438,135.49000549316406,197663100,0.01665063212238649
2025-06-03,140.86476135253906,141.22000122070312,142.0,137.9499969482422,138.77999877929688,225578800,0.027951639259047978
2025-06-04,141.56298828125,141.9199981689453,142.38999938964844,139.5399932861328,142.19000244140625,167120800,0.004956783332328518
2025-06-05,139.63783264160156,139.99000549316406,144.0,138.8300018310547,142.1699981689453,231397900,-0.01359915939037526
2025-06-06,141.36349487304688,141.72000122070312,143.27000427246094,141.50999450683594,142.50999450683594,153986200,0.012357994568573227
2025-06-09,142.27122497558594,142.6300048828125,145.0,141.94000244140625,143.19000244140625,185114500,0.006421137837080648
2025-06-10,143.5978546142578,143.9600067138672,144.2899932861328,141.52999877929688,142.69000244140625,155881900,0.009324838992661011
2025-06-11,142.4805908203125,142.8300018310547,144.99000549316406,141.8699951171875,144.61000061035156,167694000,-0.007849436163604007
2025-06-12,144.64527893066406,145.0,145.0,141.85000610351562,141.97000122070312,162365000,0.01519287363387467
2025-06-13,141.62269592285156,141.97000122070312,143.5800018310547,140.85000610351562,142.47999572753906,180820600,-0.02089654330549573
2025-06-16,144.33602905273438,144.69000244140625,146.17999267578125,143.1999969482422,143.35000610351562,183133700,0.019158985682296903
2025-06-17,143.7674102783203,144.1199951171875,145.22000122070312,143.77999877929688,144.49000549316406,139108000,-0.003939507323248437
2025-06-18,145.1240997314453,145.47999572753906,145.64999389648438,143.1199951171875,144.00999450683594,161494100,0.009436585181991752
2025-06-20,143.49807739257812,143.85000610351562,146.1999969482422,142.64999389648438,145.4499969482422,242956200,-0.011204218256069765
2025-06-23,143.8173065185547,144.1699981689453,144.77999877929688,142.02999877929688,142.5,154308900,0.0022244841977929752
2025-06-24,147.53817749023438,147.89999389648438,147.9600067138672,145.5,145.55999755859375,187566100,0.02587220486170838
2025-06-25,153.9324951171875,154.30999755859375,154.4499969482422,149.25999450683594,149.27000427246094,269146500,0.04334012120781927
2025-06-26,154.64076232910156,155.02000427246094,156.72000122070312,154.0,155.97999572753906,198145700,0.00460117118203951
2025-06-27,157.36407470703125,157.75,158.7100067138672,155.25999450683594,156.0399932861328,263234500,0.01761060284026872
2025-06-30,157.603515625,157.99000549316406,158.66000366210938,155.9600067138672,158.39999389648438,194580300,0.0015214294336867162
2025-07-01,152.92498779296875,153.3000030517578,157.1999969482422,151.49000549316406,156.2899932861328,213143600,-0.029685437548827576
2025-07-02,156.8653106689453,157.25,157.60000610351562,152.97000122070312,152.97999572753906,171224100,0.025766450551919284
2025-07-03,158.95021057128906,159.33999633789062,160.97999572753906,157.77000427246094,158.3699951171875,143716100,0.013290914708366408
2025-07-07,157.85289001464844,158.24000549316406,159.30999755859375,157.33999633789062,158.1999969482422,140139000,-0.006903419543163314
2025-07-08,159.60858154296875,160.0,160.22000122070312,158.38999938964844,159.3300018310547,138133000,0.011122310703610028
2025-07-09,162.48153686523438,162.8800048828125,164.4199981689453,161.16000366210938,161.22000122070312,183656400,0.018000030517578036
2025-07-10,163.6985626220703,164.10000610351562,164.5,161.61000061035156,164.32000732421875,167704100,0.007490184087241891
2025-07-11,164.5165557861328,164.9199981689453,167.88999938964844,163.47000122070312,163.72000122070312,193633300,0.004996904539494196
2025-07-14,163.66864013671875,164.07000732421875,165.49000549316406,162.02000427246094,165.3699951171875,136975800,-0.005153958611228138
2025-07-15,170.28240966796875,170.6999969482422,172.39999389648438,169.1999969482422,171.19000244140625,230627400,0.04040951623121414
2025-07-16,170.95077514648438,171.3699951171875,171.75,168.89999389648438,171.05999755859375,158831500,0.003925003989006859
2025-07-17,172.5767822265625,173.0,174.16000366210938,170.8300018310547,172.02000427246094,160841100,0.009511611888054494
2025-07-18,171.98822021484375,172.41000366210938,174.25,171.25999450683594,173.63999938964844,146456400,-0.003410383456015187
2025-07-21,170.9607696533203,171.3800048828125,173.3800048828125,171.0,172.75,123126100,-0.005974124223762978
2025-07-22,166.6213836669922,167.02999877929688,171.38999938964844,164.5800018310547,171.33999633789062,193114300,-0.025382226511722283
2025-07-23,170.36221313476562,170.77999877929688,171.25999450683594,167.97000122070312,169.52999877929688,154082200,0.022451056860480545
2025-07-24,173.3149871826172,173.74000549316406,173.8300018310547,171.3000030517578,172.44000244140625,128984600,0.01733227974601692
2025-07-25,173.0755615234375,173.5,174.72000122070312,172.9600067138672,173.61000061035156,122316800,-0.001381406041071509
2025-07-28,176.317626953125,176.75,177.0,173.97000122070312,174.02000427246094,140023500,0.018731988472622474
2025-07-29,175.08062744140625,175.50999450683594,179.3800048828125,175.02000427246094,177.9600067138672,154077500,-0.007015589777448761
2025-07-30,178.8314666748047,179.27000427246094,179.88999938964844,176.0399932861328,176.50999450683594,174312200,0.021423337036675427
2025-07-31,177.4348602294922,177.8699951171875,183.3000030517578,175.92999267578125,182.8999938964844,221685400,-0.007809500317440987
2025-08-01,173.29501342773438,173.72000122070312,176.5399932861328,170.88999938964844,174.08999633789062,204529000,-0.023331613034284993
2025-08-04,179.5596466064453,180.0,180.1999969482422,174.52000427246094,175.16000366210938,148174600,0.036150119359707134
2025-08-05,177.82391357421875,178.25999450683594,180.25999450683597,175.89999389648438,179.6199951171875,156407600,-0.009666697184244843
2025-08-06,178.98106384277344,179.4199981689453,179.89999389648438,176.25,176.3300018310547,137192300,0.006507369560503795
2025-08-07,180.32778930664065,180.7700042724609,183.8800048828125,178.8000030517578,181.57000732421875,151878400,0.0075242788835858665
2025-08-08,182.2530517578125,182.6999969482422,183.3000030517578,180.3999938964844,181.5500030517578,123396700,0.010676509543432688
2025-08-11,181.6146240234375,182.05999755859372,183.83999633789065,180.25,182.0500030517578,138323200,-0.0035030071173443034
2025-08-12,182.71192932128903,183.16000366210935,184.47999572753903,179.4600067138672,182.9600067138672,145485700,0.006041997793400977
2025-08-13,181.14578247070312,181.58999633789065,183.97000122070312,179.35000610351562,182.6199951171875,179871700,-0.008571780371412374
2025-08-14,181.57472229003903,182.0200042724609,183.0200042724609,179.4600067138672,179.75,129554000,0.0023680155473440045
2025-08-15,180.00857543945312,180.4499969482422,181.8999938964844,178.0399932861328,181.8800048828125,156602200,-0.00862546581346424
2025-08-18,181.56472778320312,182.00999450683597,182.94000244140625,180.58999633789065,180.6000061035156,132008000,0.008645040648247893
2025-08-19,175.2103271484375,175.63999938964844,182.5,175.49000549316406,182.42999267578125,185229200,-0.03499805125782962
2025-08-20,174.9709014892578,175.39999389648438,176.0,168.8000030517578,175.1699981689453,215142700,-0.0013664626167051441
2025-08-21,174.5519256591797,174.97999572753906,176.89999389648438,173.80999755859375,174.85000610351562,140040900,-0.002394516439910399
2025-08-22,177.55458068847656,177.99000549316406,178.58999633789062,171.1999969482422,172.61000061035156,172789400,0.017202022168933517
2025-08-25,179.3701171875,179.80999755859375,181.91000366210935,176.57000732421875,178.35000610351562,163012800,0.010225248661501984
2025-08-26,181.3253326416016,181.7700042724609,182.38999938964844,178.80999755859375,180.05999755859375,168688200,0.010900432347920264
2025-08-27,181.1557464599609,181.6000061035156,182.4900054931641,179.10000610351562,181.97999572753903,235518900,-0.0009352377452249705
2025-08-28,179.729248046875,180.1699981689453,184.47000122070312,176.41000366210938,180.82000732421875,281787800,-0.007874492767115604
2025-08-29,173.75389099121094,174.17999267578125,178.14999389648438,173.14999389648438,178.11000061035156,243257900,-0.033246409247044806
2025-09-02,170.36221313476562,170.77999877929688,172.3800048828125,167.22000122070312,170.0,231164900,-0.019520002522982804
2025-09-03,170.20262145996094,170.6199951171875,172.41000366210938,168.8800048828125,171.05999755859375,164424900,-0.0009368993046788843
2025-09-04,171.2400665283203,171.66000366210938,171.86000061035156,169.41000366210938,170.57000732421875,141670100,0.006095466971544283
2025-09-05,166.61141967773438,167.02000427246094,169.02999877929688,164.07000732421875,168.02999877929688,224441400,-0.027030171796929903
2025-09-08,167.8982696533203,168.30999755859375,170.9600067138672,167.35000610351562,167.5500030517578,163769100,0.007723585517507514
2025-09-09,170.34225463867188,170.75999450683594,170.97999572753906,166.74000549316406,169.08999633789062,157548400,0.014556455253879275
2025-09-10,176.8961944580078,177.3300018310547,179.2899932861328,175.47000122070312,176.63999938964844,226852000,0.0384750968351415
2025-09-11,176.74655151367188,177.1699981689453,180.27999877929688,176.47999572753906,179.67999267578125,151159300,-0.00090229324117308
2025-09-12,177.39498901367188,177.82000732421875,178.60000610351562,176.4499969482422,177.77000427246094,124911000,0.003668844397986648
2025-09-15,177.32516479492188,177.75,178.85000610351562,174.50999450683594,175.6699981689453,147061600,-0.00039369767931174415
2025-09-16,174.46202087402344,174.8800048828125,177.5,174.3800048828125,177.0,140737800,-0.016146245385021074
2025-09-17,169.88299560546875,170.2899932861328,173.1999969482422,168.41000366210938,172.63999938964844,211843800,-0.026246634655319623
2025-09-18,175.81878662109375,176.24000549316406,177.10000610351562,172.9600067138672,173.97999572753906,191763300,0.03494046885675561
2025-09-19,176.24774169921875,176.6699981689453,178.0800018310547,175.17999267578125,175.77000427246094,237182100,0.0024398131092768782
2025-09-22,183.17115783691406,183.61000061035156,184.5500030517578,174.7100067138672,175.3000030517578,269637000,0.0
2025-09-23,178.0035400390625,178.42999267578125,182.4199981689453,176.2100067138672,181.97000122070312,192559600,-0.028212014146021813
2025-09-24,176.54702758789062,176.97000122070312,179.77999877929688,175.39999389648438,179.77000427246094,143564100,-0.008182432970958109
2025-09-25,177.2653045654297,177.69000244140625,180.25999450683594,173.1300048828125,174.47999572753906,191586700,0.004068493053832389
2025-09-26,177.76409912109375,178.19000244140625,179.77000427246094,174.92999267578125,178.1699981689453,148573700,0.0028138893192084513
2025-09-29,181.4153594970703,181.85000610351562,184.0,180.32000732421875,180.42999267578125,193063500,0.02053989343938012
2025-09-30,186.13406372070312,186.5800018310547,187.35000610351562,181.47999572753906,182.0800018310547,236981000,0.026010423804146532
2025-10-01,186.79248046875,187.24000549316406,188.13999938964844,183.89999389648438,185.24000549316406,173844900,0.003537376222704669
2025-10-02,188.43853759765625,188.88999938964844,191.0500030517578,188.05999755859375,189.60000610351562,136805800,0.008812186755381202
2025-10-03,187.1715850830078,187.6199951171875,190.36000061035156,185.3800048828125,189.19000244140625,137596900,-0.0067235125023275
2025-10-06,185.09654235839844,185.5399932861328,187.22999572753906,183.3300018310547,185.5,157678100,-0.011086248188821868
2025-10-07,184.5977325439453,185.0399932861328,189.05999755859375,184.0,186.22999572753906,140088000,-0.002694836790410604
2025-10-08,188.6580047607422,189.11000061035156,189.60000610351562,186.5399932861328,186.57000732421875,130168900,0.02199528465138445
2025-10-09,192.1097412109375,192.57000732421875,195.3000030517578,191.05999755859375,192.22999572753906,182997200,0.018296265150970603
2025-10-10,182.72222900390625,183.16000366210938,195.6199951171875,182.0500030517578,193.50999450683594,268774400,-0.04886536482426518
2025-10-13,187.86990356445312,188.32000732421875,190.11000061035156,185.9600067138672,187.97000122070312,153482800,0.028172109406748413
2025-10-14,179.59971618652344,180.02999877929688,184.8000030517578,179.6999969482422,184.77000427246094,205641400,-0.04402085929536681
2025-10-15,179.40017700195312,179.8300018310547,184.8699951171875,177.2899932861328,184.8000030517578,214450500,-0.0011109090129327592
2025-10-16,181.3754425048828,181.80999755859375,183.27999877929688,179.77000427246094,182.22999572753906,179723300,0.011010374839450998
2025-10-17,182.78208923339844,183.22000122070312,184.10000610351562,179.75,180.17999267578125,173135200,0.007755369237354204
2025-10-20,182.20346069335938,182.63999938964844,185.1999969482422,181.72999572753906,183.1300048828125,128544700,-0.0031656032485013474
2025-10-21,180.72702026367188,181.16000366210938,182.7899932861328,179.8000030517578,182.7899932861328,124240200,-0.008103349389427028
2025-10-22,179.84912109375,180.27999877929688,183.44000244140625,176.75999450683594,181.13999938964844,162249600,-0.00485761131057294
2025-10-23,181.72463989257812,182.16000366210938,183.02999877929688,179.7899932861328,180.4199981689453,111363700,0.010428249919804289
2025-10-24,185.81480407714844,186.25999450683594,187.47000122070312,183.5,183.83999633789062,131296700,0.02250763483915863
2025-10-27,191.03233337402344,191.49000549316406,192.0,188.42999267578125,189.99000549316406,153452700,0.028079089125798262
2025-10-28,200.5495147705078,201.02999877929688,203.14999389648438,191.91000366210938,193.0500030517578,297986200,0.049819797443545255
2025-10-29,206.54515075683594,207.0399932861328,212.19000244140625,204.77999877929688,207.97999572753906,308829600,0.029896008274039154
2025-10-30,202.40505981445312,202.88999938964844,206.16000366210938,201.41000366210938,205.14999389648438,178864400,-0.020044407027916655
2025-10-31,202.00604248046875,202.49000549316406,207.97000122070312,202.07000732421875,206.4499969482422,179802200,-0.0019714815796129104
2025-11-03,206.3855438232422,206.8800048828125,211.33999633789062,205.55999755859375,208.0800018310547,180267300,0.02168007936469052
2025-11-04,198.21511840820312,198.69000244140625,203.97000122070312,197.92999267578125,203.0,188919300,-0.03958817792007252
2025-11-05,194.74343872070312,195.2100067138672,202.9199981689453,194.64999389648438,198.77000427246094,171350300,-0.017514699706973502
2025-11-06,187.63047790527344,188.0800018310547,197.6199951171875,186.3800048828125,196.4199981689453,223029800,-0.03652479195527836
2025-11-07,187.70030212402344,188.14999389648438,188.32000732421875,178.91000366210938,184.89999389648438,264942300,0.000372139859359244
2025-11-10,198.57424926757812,199.0500030517578,199.94000244140625,193.7899932861328,195.11000061035156,198897100,0.0579325512031128
2025-11-11,192.69834899902344,193.16000366210938,195.4199981689453,191.3000030517578,195.16000366210938,176483300,-0.02959055161690649
2025-11-12,193.33682250976562,193.8000030517578,195.88999938964844,191.1300048828125,195.72000122070312,154935300,0.003313312163567561
2025-11-13,186.41339111328125,186.86000061035156,191.44000244140625,183.85000610351562,191.0500030517578,207423100,-0.03581012555274732
2025-11-14,189.71546936035156,190.1699981689453,191.00999450683594,180.5800018310547,182.86000061035156,186591900,0.01771378330184148
2025-11-17,186.1540069580078,186.60000610351562,189.0,184.32000732421875,185.97000122070312,173628900,-0.018772635535591387
2025-11-18,180.92654418945312,181.36000061035156,184.8000030517578,179.64999389648438,183.3800048828125,213598900,-0.028081486183109683
2025-11-19,186.07420349121094,186.52000427246094,187.86000061035156,182.8300018310547,184.7899932861328,247246400,0.028451718376399482
2025-11-20,180.208251953125,180.63999938964844,196.0,179.85000610351562,195.9499969482422,343504800,-0.03152479491810023
2025-11-21,178.45248413085938,178.8800048828125,184.55999755859375,172.92999267578125,181.24000549316406,346926200,-0.009743105141622355
2025-11-24,182.11370849609375,182.5500030517578,183.5,176.47999572753906,179.49000549316406,256618300,0.02051653660983299
2025-11-25,177.39498901367188,177.82000732421875,178.16000366210938,169.5500030517578,174.91000366210938,320600300,-0.02591068555719489
2025-11-26,179.8291778564453,180.25999450683594,182.91000366210938,178.24000549316406,181.6300048828125,183852000,0.013721668440651813
2025-11-28,176.5769500732422,177.0,179.2899932861328,176.5,179.00999450683594,121332800,-0.018084958427713183
2025-12-01,179.48997497558594,179.9199981689453,180.3000030517578,173.67999267578125,174.75999450683594,188131000,0.016497164796301256
2025-12-02,181.02630615234375,181.4600067138672,185.66000366210938,180.0,181.75999450683594,182632200,0.008559407295434696
2025-12-03,179.1607666015625,179.58999633789062,182.4499969482422,179.11000061035156,181.0800018310547,165138000,-0.01030535824307155
2025-12-04,182.951904296875,183.3800048828125,184.52000427246094,179.9600067138672,181.6199951171875,167364900,0.021103672933937556
2025-12-05,181.98416137695312,182.41000366210938,184.66000366210938,180.91000366210938,183.88999938964844,143971100,-0.0052895691726204674
2025-12-08,185.1168212890625,185.5500030517578,188.0,182.39999389648438,182.63999938964844,204378100,0.01721396484079274
2025-12-09,184.53819274902344,184.97000122070312,185.72000122070312,183.32000732421875,185.55999755859375,144719700,-0.0031258519079242486
2025-12-10,183.3509521484375,183.77999877929688,185.47999572753906,182.0399932861328,184.97000122070312,162785400,-0.006433488855235314
2025-12-11,180.50759887695312,180.92999267578125,181.32000732421875,176.6199951171875,180.27999877929688,182136600,-0.015507705530775517
2025-12-12,174.6114044189453,175.02000427246094,182.82000732421875,174.6199951171875,181.11000061035156,204274900,-0.032664503634346365
2025-12-15,175.87843322753906,176.2899932861328,178.4199981689453,175.02999877929688,177.94000244140625,164775600,0.007256250615185866
2025-12-16,177.30511474609375,177.72000122070312,178.49000549316406,174.89999389648438,176.25999450683594,148588100,0.00811167955658898
2025-12-17,170.5409393310547,170.94000244140625,176.1300048828125,170.30999755859375,176.10000610351562,222775500,-0.038149891586355955
2025-12-18,173.73345947265625,174.13999938964844,176.14999389648438,171.82000732421875,174.52999877929688,176096000,0.018720000599854014
2025-12-19,180.56747436523438,180.99000549316406,181.4499969482422,176.33999633789062,176.6699981689453,324925900,0.03933620149032113
2025-12-22,183.2611541748047,183.69000244140625,184.16000366210938,182.35000610351562,183.9199981689453,129064400,0.014917933953784823
2025-12-23,188.76829528808594,189.2100067138672,189.3300018310547,182.89999389648438,182.97000122070312,174873600,0.030050651636426062
2025-12-24,188.169677734375,188.61000061035156,188.91000366210938,186.58999633789062,187.94000244140625,65528500,-0.003171111898024437
2025-12-26,190.08518981933594,190.52999877929688,192.69000244140625,188.0,189.9199981689453,139740300,0.010179726222003582
2025-12-29,187.7805938720703,188.22000122070312,188.75999450683594,185.91000366210938,187.7100067138672,120006100,-0.012124062212741427
2025-12-30,187.1021728515625,187.5399932861328,188.99000549316406,186.92999267578125,188.24000549316406,97687300,-0.003612835671873982
2025-12-31,186.0646209716797,186.5,190.55999755859375,186.49000549316406,189.57000732421875,120100500,-0.005545448029029565
2026-01-02,188.40911865234375,188.85000610351562,192.92999267578125,188.25999450683594,189.83999633789062,148240500,0.012600568919654886
2026-01-05,187.6808319091797,188.1199951171875,193.6300048828125,186.14999389648438,191.75999450683594,183529700,-0.0038655597709008616
2026-01-06,186.80288696289062,187.24000549316406,192.1699981689453,186.82000732421875,190.52000427246094,176862600,-0.0046778101576882
2026-01-07,188.6685028076172,189.11000061035156,191.3699951171875,186.55999755859375,188.57000732421875,153543200,0.009987155855193386
2026-01-08,184.60801696777344,185.0399932861328,189.5500030517578,183.7100067138672,189.11000061035156,172457000,-0.021521904241355916
2026-01-09,184.42843627929688,184.86000061035156,186.33999633789062,183.6699981689453,185.0800018310547,131327500,-0.0009727230993946678
2026-01-12,184.5082550048828,184.94000244140625,187.1199951171875,183.02000427246094,183.22000122070312,137968500,0.00043276983009055137
2026-01-13,185.376220703125,185.80999755859375,188.11000061035156,183.39999389648438,185.0,160128900,0.0047042019341549945
2026-01-14,182.7124481201172,183.13999938964844,184.4600067138672,180.8000030517578,184.32000732421875,159586100,-0.014369507583160801
2026-01-15,186.6133270263672,187.0500030517578,189.6999969482422,186.3300018310547,186.5,206188600,0.021349807115541353
2026-01-16,185.79522705078125,186.22999572753906,190.44000244140625,186.0800018310547,189.0800018310547,187967200,-0.004383893669287153
2026-01-20,177.65428161621094,178.07000732421875,182.3800048828125,177.61000061035156,181.89999389648438,223345300,-0.04381672442960616
2026-01-21,182.8920440673828,183.32000732421875,185.3800048828125,178.39999389648438,179.0500030517578,200381000,0.029482786455111043
2026-01-22,184.40847778320312,184.83999633789062,186.1699981689453,183.92999267578125,184.75,139636600,0.008291451848916997
2026-01-23,187.23187255859375,187.6699981689453,189.60000610351562,186.82000732421875,187.5,142748100,0.015310549053903832
2026-01-26,186.03468322753906,186.47000122070312,189.1199951171875,185.99000549316406,187.16000366210938,124799600,-0.0063941863907406304
2026-01-27,188.07989501953125,188.52000427246094,190.0,185.6999969482422,187.24000549316406,143711600,0.01099374182623336
2026-01-28,191.07289123535156,191.52000427246094,192.35000610351562,189.83999633789062,191.27000427246094,148552700,0.015913430575061005
2026-01-29,192.06056213378906,192.50999450683594,193.47999572753906,186.05999755859375,191.33999633789062,171764400,0.005169121826911649
2026-01-30,190.6837921142578,191.1300048828125,194.49000549316406,189.47000122070312,191.2100067138672,179489500,-0.00716840508753136
2026-02-02,185.17669677734375,185.61000061035156,190.3000030517578,184.8800048828125,187.1999969482422,165794100,-0.028880888041861397
2026-02-03,179.91897583007812,180.33999633789062,186.27000427246094,176.22999572753906,186.24000549316406,204019600,-0.028392889688762968
2026-02-04,173.78334045410156,174.19000244140625,179.5800018310547,171.91000366210938,179.4600067138672,207014100,-0.03410221815110581
2026-02-05,171.47872924804688,171.8800048828125,176.82000732421875,171.02999877929688,174.92999267578125,206312900,-0.013261367048724715
2026-02-06,184.97714233398438,185.41000366210938,187.0,174.60000610351562,176.69000244140625,231346200,0.07871770069195438
2026-02-09,189.59632873535156,190.0399932861328,193.66000366210938,183.9499969482422,184.25999450683594,196387400,0.024971627919608386
2026-02-10,188.09983825683594,188.5399932861328,192.47999572753906,188.1199951171875,191.3800048828125,136764800,-0.007893075420927542
2026-02-11,189.60633850097656,190.0500030517578,193.25999450683594,188.77000427246094,192.4499969482422,144192700,0.008008962657240382
2026-02-12,186.5035858154297,186.94000244140625,193.61000061035156,186.50999450683594,193.02999877929688,189932500,-0.01636411765541823
2026-02-13,182.3832244873047,182.80999755859375,187.5,181.58999633789062,187.47999572753906,161888000,-0.02209267587929442
2026-02-17,184.53819274902344,184.97000122070312,187.14999389648438,179.17999267578125,181.75,162276900,0.01181556638562431
2026-02-18,187.5411376953125,187.97999572753906,190.3699951171875,186.75999450683594,188.75,164749100,0.016272879315410993
2026-02-19,187.46133422851562,187.89999389648438,188.42999267578125,185.66000366210938,187.05999755859375,126554500,-0.00042558693942440495
2026-02-20,189.37686157226562,189.82000732421875,190.3300018310547,185.94000244140625,186.57000732421875,178422300,0.010218272964884312
2026-02-23,191.1028289794922,191.5500030517578,193.9499969482422,189.5800018310547,191.39999389648438,171584800,0.009113874516842646
2026-02-24,192.39979553222656,192.85000610351562,193.77000427246094,187.39999389648438,191.49000549316406,175123600,0.006786755578419568
2026-02-25,195.10345458984375,195.55999755859375,197.6300048828125,193.7899932861328,194.4499969482422,250637100,0.014052327556699717
2026-02-26,184.4583740234375,184.88999938964844,194.2899932861328,184.32000732421875,194.27000427246094,360807900,-0.05456125128938172
2026-02-27,176.77635192871094,177.19000244140625,182.58999633789062,176.3800048828125,181.25,311636500,-0.04164636796831145
2026-03-02,182.05398559570312,182.47999572753906,183.4600067138672,174.63999938964844,175.00999450683594,209095300,0.02985491965260345
2026-03-03,179.62966918945312,180.0500030517578,180.89999389648438,176.9199981689453,178.49000549316406,178099400,-0.013316488013346284
2026-03-04,182.61268615722656,183.0399932861328,184.6999969482422,180.05999755859375,180.44000244140625,177731200,0.016606443675068805
2026-03-05,182.9119873046875,183.33999633789062,184.05999755859375,177.8800048828125,181.1699981689453,198779700,0.001639002746732121
2026-03-06,177.4048614501953,177.82000732421875,182.75999450683594,176.82000732421875,179.83999633789062,189021900,-0.03010793675101142
2026-03-09,182.2235870361328,182.64999389648438,182.91000366210938,175.55999755859375,176.8300018310547,177213600,0.027162222322143492
2026-03-10,184.33865356445312,184.77000427246094,186.44000244140625,182.00999450683594,182.39999389648438,179118500,0.011606955635476535
2026-03-11,185.60574340820312,186.02999877929688,187.6199951171875,184.4499969482422,185.91000366210938,145280400,0.006819258958169261
2026-03-12,182.7223358154297,183.13999938964844,184.94000244140625,181.75,184.0500030517578,155762700,-0.015535125563684415
2026-03-13,179.8389434814453,180.25,186.08999633789062,179.94000244140625,184.9199981689453,160988400,-0.015780274103308733
2026-03-16,182.80215454101562,183.22000122070312,188.8800048828125,181.41000366210938,182.97000122070312,217307400,0.01647712189016981
2026-03-17,181.51510620117188,181.92999267578125,185.39999389648438,181.67999267578125,185.05999755859375,182497800,-0.00704076266961684
2026-03-18,179.98858642578125,180.39999389648438,183.3800048828125,180.3300018310547,182.47999572753906,156683100,-0.00840982158463277
2026-03-19,178.15277099609375,178.55999755859375,179.97999572753906,175.7899932861328,178.00999450683594,170968500,-0.010199536586162128
2026-03-20,172.30615234375,172.6999969482422,178.25999450683594,171.72000122070312,178.0,241323500,-0.03281810422532416
2026-03-23,175.23944091796875,175.63999938964844,178.3699951171875,174.75999450683594,177.25999450683594,182836300,0.01702375502813336
2026-03-24,174.80044555664062,175.1999969482422,176.22000122070312,173.97999572753906,174.8300018310547,147667800,-0.002505138026276832
2026-03-25,178.2725067138672,178.67999267578125,181.22000122070312,176.85000610351562,177.10000610351562,162602100,0.019862989658425256
2026-03-26,170.8494873046875,171.24000549316406,176.50999450683594,171.13999938964844,176.07000732421875,186152200,-0.04163861365338872
2026-03-27,167.13796997070312,167.52000427246094,170.97000122070312,167.00999450683594,170.0,196212700,-0.02172390271764868
2026-03-30,164.79331970214844,165.1699981689453,169.4499969482422,164.27000427246094,168.77999877929688,185627000,-0.014028211816980884
2026-03-31,174.00225830078125,174.39999389648438,174.6199951171875,166.9600067138672,166.97000122070312,226181300,0.05588179348466227
2026-04-01,175.34918212890625,175.75,177.3699951171875,174.75,176.0,168132000,0.0077408609562046315
2026-04-02,176.98545837402344,177.38999938964844,177.49000549316406,171.3699951171875,172.17999267578125,143143200,0.009331433227018238
2026-04-06,177.23487854003906,177.63999938964844,177.7899932861328,175.75999450683594,177.16000366210938,107564300,0.0014093240930164175
2026-04-07,177.69383239746094,178.10000610351562,178.22999572753906,173.66000366210938,175.72999572753906,132534900,0.0025895446715138437
2026-04-08,181.66476440429688,182.0800018310547,185.25999450683594,180.3000030517578,184.5,147732700,0.02234697131467711
2026-04-09,183.4906005859375,183.91000366210938,184.0800018310547,180.6199951171875,181.83999633789062,116428500,0.010050537196021558
2026-04-10,188.1998291015625,188.6300048828125,190.0,184.3000030517578,184.30999755859375,160459500,0.025664733438725884
2026-04-13,188.87826538085938,189.30999755859375,189.66000366210938,185.74000549316406,186.02999877929688,133648200,0.0036049019677633076
2026-04-14,196.0618438720703,196.50999450683594,196.50999450683594,190.77000427246094,190.83999633789062,161307000,0.03803284053190947
2026-04-15,198.41647338867188,198.8699951171875,200.39999389648438,195.74000549316406,196.5399932861328,185338400,0.012009570384825752
2026-04-16,197.8976593017578,198.35000610351562,199.85000610351562,195.80999755859375,197.42999267578125,134012900,-0.0026147182905368327
2026-04-17,201.2200469970703,201.67999267578125,201.6999969482422,199.27000427246094,199.89999389648438,160324400,0.0167884369538549
2026-04-20,201.59918212890625,202.05999755859375,202.1699981689453,197.83999633789062,199.97999572753906,119381400,0.0018841972263623497
2026-04-21,199.42417907714844,199.8800048828125,202.75,199.0,202.1300048828125,107945300,-0.010788838474320439
2026-04-22,202.03819274902344,202.5,202.5,199.0,200.99000549316406,107501000,0.013107839969903834
2026-04-23,199.18470764160156,199.63999938964844,203.8300018310547,197.22000122070312,202.4600067138672,113561800,-0.014123459804205263
2026-04-24,207.79502868652344,208.27000427246094,210.9499969482422,199.80999755859375,199.9600067138672,214134400,0.04322783464835034
2026-04-27,216.1160125732422,216.61000061035156,216.8300018310547,207.3800048828125,209.64999389648438,187172400,0.04004415502378422
2026-04-28,212.68385314941406,213.1699981689453,214.72999572753906,208.1999969482422,209.49000549316406,180275400,-0.01588108781548958
2026-04-29,208.77279663085938,209.25,212.72000122070312,207.5800018310547,212.6999969482422,123711800,-0.01838907070702589
2026-04-30,199.1148681640625,199.57000732421875,210.3000030517578,198.6999969482422,209.92999267578125,225239200,-0.04626041900014932
2026-05-01,197.9974365234375,198.4499969482422,203.0,197.1199951171875,201.27999877929688,128647000,-0.005612117727474941
2026-05-04,198.02734375,198.47999572753906,201.72999572753906,194.74000549316406,199.5,125368100,0.00015116543088034007
2026-05-05,196.05186462402344,196.5,200.24000549316406,196.02999877929688,199.3000030517578,113406600,-0.009975794891980305
2026-05-06,207.3560333251953,207.8300018310547,208.27000427246094,198.61000061035156,199.88999938964844,188362800,0.05765904239722497
2026-05-07,211.01766967773438,211.5,214.1999969482422,206.5,208.33999633789062,168307900,0.017658654364679505
2026-05-08,214.709228515625,215.1999969482422,217.8000030517578,212.88999938964844,213.02999877929688,136421400,0.01749407540540049
2026-05-11,218.93955993652344,219.44000244140625,222.3000030517578,213.88999938964844,214.0399932861328,160685800,0.019702628035742187
2026-05-12,220.27650451660156,220.77999877929688,223.75,214.9199981689453,218.5500030517578,159176600,0.006106436032548013
2026-05-13,225.3149871826172,225.8300018310547,227.83999633789062,221.57000732421875,224.92999267578125,150405400,0.02287346263103318
2026-05-14,235.202392578125,235.74000549316406,236.5399932861328,229.3000030517578,229.85000610351562,180782900,0.04388258239276421
2026-05-15,224.80615234375,225.32000732421875,231.5,224.24000549316406,229.75999450683594,180977600,-0.04420122985552177
2026-05-18,221.81300354003906,222.32000732421875,230.0,218.3699951171875,229.8699951171875,146280900,-0.013314396868819633
2026-05-19,220.1068878173828,220.61000061035156,224.47999572753906,217.91000366210938,219.6199951171875,140948200,-0.00769164563481417
2026-05-20,222.9603729248047,223.47000122070312,226.1300048828125,220.5,223.17999267578125,184201600,0.01296405694410474
2026-05-21,219.0093994140625,219.50999450683594,227.39999389648438,217.92999267578125,222.2899932861328,203381800,-0.017720529342800773
2026-05-22,214.83892822265625,215.3300018310547,221.00999450683594,214.8000030517578,220.89999389648438,169275700,-0.01904237975665879
2026-05-26,214.37001037597656,214.86000061035156,218.17999267578125,212.0,216.5399932861328,187202600,-0.00218270197699566
2026-05-27,212.1151580810547,212.60000610351562,214.14999389648438,208.77999877929688,214.1199951171875,167601200,-0.010518451551782437
2026-05-28,213.7613983154297,214.25,215.52000427246094,211.22000122070312,211.27999877929688,143996000,0.007761024690098095
2026-05-29,210.6584930419922,211.13999938964844,217.86000061035156,211.1300048828125,214.5800018310547,289410600,-0.014515755474219683
2026-06-01,223.8483428955078,224.36000061035156,224.8699951171875,215.6999969482422,215.72999572753906,212850700,0.06261249056985307
2026-06-02,222.3118438720703,222.82000732421875,232.27999877929688,221.35000610351562,227.17999267578125,193362900,-0.006863938678656645
2026-06-03,214.26025390625,214.75,222.82000732421875,214.50999450683594,221.72000122070312,160907000,-0.03621760640406191
2026-06-04,218.4156036376953,218.66000366210938,221.60000610351562,210.97000122070312,213.91000366210938,169022200,0.018207234747889878
2026-06-05,204.87075805664062,205.10000610351562,214.8699951171875,204.3300018310547,214.52999877929688,219655500,-0.062014073591381225
2026-06-08,208.40679931640625,208.63999938964844,210.47000122070312,206.0,210.17999267578125,138372800,0.017259839984335112
2026-06-09,207.95730590820312,208.19000244140625,211.39999389648438,199.33999633789062,210.6199951171875,180962500,-0.0021568105327770537
2026-06-10,200.19598388671875,200.4199981689453,207.22000122070312,199.9199981689453,204.42999267578125,161746600,-0.03732169739825886
2026-06-11,204.64100646972656,204.8699951171875,205.66000366210938,199.5399932861328,201.49000549316406,158643200,0.022203357892913722
2026-06-12,204.96066284179688,205.19000244140625,207.07000732421875,203.44000244140625,204.86000061035156,112001800,0.0015620019126554308
2026-06-15,212.21253967285156,212.4499969482422,212.7100067138672,208.33999633789062,208.9199981689453,149936700,0.03538181402824003
2026-06-16,207.1781768798828,207.41000366210938,211.49000549316406,207.2899932861328,211.17999267578125,125694100,-0.023723197733726886
2026-06-17,204.42124938964844,204.64999389648438,209.2100067138672,203.0800018310547,208.52999877929688,128363500,-0.013307023368657411
2026-06-18,210.4545135498047,210.69000244140625,211.38999938964844,206.5,207.3300018310547,241272000,0.029513846689763534
2026-06-22,208.41677856445312,208.64999389648438,213.99000549316406,207.72000122070312,211.44000244140625,122041400,-0.00968251232276296
2026-06-23,199.81640625,200.0399932861328,203.77000427246094,200.0,202.1699981689453,153496200,-0.04126528091164561
2026-06-24,198.77757263183594,199.0,201.6699981689453,196.5800018310547,200.1199951171875,151810700,-0.00519892681982459
2026-06-25,195.52122497558594,195.74000549316406,200.8000030517578,192.1300048828125,200.0800018310547,149550000,-0.016381881943899224
2026-06-26,192.31480407714844,192.52999877929688,195.5500030517578,191.22000122070312,193.1199951171875,179304100,-0.016399339040476746
2026-06-29,194.7520751953125,194.97000122070312,196.17999267578125,189.8000030517578,193.85000610351562,148835700,0.012673362368860186
2026-06-30,199.86634826660156,200.08999633789062,200.6300048828125,195.11000061035156,197.24000549316406,166476700,0.026260425117358155
2026-07-01,197.35916137695312,197.5800018310547,199.85000610351562,193.4499969482422,196.1999969482422,146147600,-0.012544327816355838
2026-07-02,194.61224365234375,194.8300018310547,200.05999755859375,192.35000610351562,197.13999938964844,142068700,-0.013918412665829716
2026-07-06,195.33143615722656,195.5500030517578,197.5500030517578,193.99000549316406,194.4199981689453,108999000,0.0036955356666652506
2026-07-07,196.7098846435547,196.92999267578125,198.41000366210938,191.13999938964844,192.3699951171875,124154600,0.007056965494693257
2026-07-08,203.891845703125,204.1199951171875,205.16000366210938,195.05999755859375,195.17999267578125,147419100,0.03651044893523969
2026-07-09,202.5533447265625,202.77999877929688,204.58999633789062,198.9600067138672,204.4600067138672,132037400,-0.006564748040099211
2026-07-10,210.72421264648438,210.9600067138672,211.0,201.9199981689453,202.0,148421000,0.04033932332484791
2026-07-13,203.30250549316406,203.52999877929688,210.57000732421875,203.0,208.5399932861328,121411000,-0.03521998340020871
2026-07-14,211.5632781982422,211.8000030517578,212.5500030517578,203.8000030517578,208.1999969482422,124379600,0.040632851776453593
2026-07-15,212.26248168945312,212.5,213.80999755859375,206.0399932861328,211.9600067138672,124797200,0.0033049902651376417
2026-07-16,207.16818237304688,207.39999389648438,211.0800018310547,205.85000610351562,210.1699981689453,122986100,-0.02400002872242646
2026-07-17,202.58331298828125,202.80999755859375,206.64999389648438,197.97000122070312,202.63999938964844,144281900,-0.022131130535045007
2026-07-20,203.05279541015625,203.27999877929688,207.74000549316406,202.27999877929688,205.8699951171875,88701500,0.0023174460152899368
2026-07-21,207.0583038330078,207.2899932861328,208.64999389648438,204.00999450683594,207.5399932861328,108685600,0.019726458731385677
2026-07-22,211.82298278808594,212.05999755859375,214.38999938964844,204.9499969482422,205.80999755859375,137645600,0.02301126164771805
2026-07-23,208.5266571044922,208.75999450683594,210.8699951171875,205.9600067138672,209.4600067138672,110505300,-0.01556164807012217
2026-07-24,206.6088104248047,206.83999633789062,211.91000366210938,204.80999755859375,207.4499969482422,114836800,-0.009197155678610791
2026-07-27,196.2903594970703,196.50999450683594,208.75,195.44000244140625,208.1999969482422,154353700,-0.049941993879074276
2026-07-28,196.789794921875,197.00999450683594,198.6999969482422,192.74000549316406,195.0,134111500,0.002544399847217882
2026-07-29,189.79762268066406,190.00999450683594,197.07000732421875,190.00999450683594,195.85000610351562,147680800,-0.03553119230079016
2026-07-30,194.82199096679688,195.0399932861328,197.25,191.52000427246094,193.4499969482422,129010200,0.026472285272951313
2026-07-31,200.52561950683594,200.75,202.0,194.9499969482422,198.44000244140625,139961200,0.029276081370092744
2026-08-03,206.40904235839844,206.63999938964844,208.74000549316406,196.85000610351562,197.69000244140625,128406900,0.029339972053043173
2026-08-04,211.70310974121094,211.94000244140625,213.05999755859375,209.0500030517578,211.3000030517578,134922000,0.025648485614655492
2026-08-05,218.9749755859375,219.22000122070312,222.22000122070312,216.39999389648438,216.86000061035156,158187400,0.0343493379986608
2026-08-06,218.7452392578125,218.99000549316406,223.6300048828125,217.0,221.52999877929688,113940600,-0.0010491548501886383
2026-08-07,223.70968627929688,223.9600067138672,224.75999450683594,220.66000366210938,221.5399932861328,105669400,0.022695105237842794
2026-08-10,217.3068389892578,217.5500030517578,224.13999938964844,216.77000427246094,223.39999389648438,115846600,-0.028621197847608748
2026-08-11,217.25689697265625,217.5,222.1999969482422,216.1999969482422,222.1699981689453,101273100,-0.00022984624709898593
2026-08-12,223.8395233154297,224.08999633789062,225.10000610351562,220.1999969482422,221.0399932861328,108783600,0.030298833737428144
2026-08-13,225.04818725585938,225.3000030517578,227.22999572753906,223.7100067138672,225.05999755859375,98867200,0.005399646274448999
2026-08-14,224.90834045410156,225.16000366210938,227.49000549316406,224.5,226.77000427246094,75680900,-0.0006213909798140627
2026-08-17,224.7584991455078,225.00999450683594,227.9199981689453,224.86000061035156,225.97999572753906,93678700,-0.0006662335798259811
2026-08-18,219.49440002441406,219.74000549316406,221.63999938964844,218.69000244140625,220.4499969482422,103128200,-0.023421133026656604
2026-08-19,217.31683349609375,217.55999755859375,222.8699951171875,216.75999450683594,221.6699981689453,96797300,-0.009920851370134876
2026-08-20,216.60763549804688,216.85000610351562,219.86000061035156,215.66000366210938,218.36000061035156,92457000,-0.003263428309640881
2026-08-21,214.48001098632812,214.72000122070312,218.74000549316406,214.5,218.4199981689453,98869300,-0.00982248016076015
2026-08-24,208.24697875976562,208.47999572753906,215.58999633789062,207.25,215.52999877929688,135187300,-0.029061128249296964
2026-08-25,212.81187438964844,213.0500030517578,214.72999572753906,210.11000061035156,211.02999877929688,122309000,0.021920603500928948
2026-08-26,209.4256591796875,209.66000366210938,213.60000610351562,209.22999572753906,212.63999938964844,179900000,-0.015911754710582593
2026-08-27,227.7251739501953,227.97999572753906,230.47000122070312,220.89999389648438,222.86000061035156,298909800,0.0873795275466771
2026-08-28,217.3068389892578,217.5500030517578,229.25999450683594,216.80999755859375,227.36000061035156,195116400,-0.04574959589106331
2026-08-31,220.53323364257812,220.77999877929688,221.3000030517578,216.2100067138672,218.8699951171875,124702700,0.014847141724795065
2026-09-01,217.1969757080078,217.44000244140625,220.41000366210938,215.10000610351562,216.75,109756200,-0.015128165397036097
2026-09-02,224.1591796875,224.41000366210938,227.9499969482422,218.47999572753906,218.7899932861328,157104700,0.03205482497444945
2026-09-03,228.1946563720703,228.4499969482422,230.39999389648438,224.75,226.02000427246094,134681600,0.0180027325885872
2026-09-04,230.10252380371094,230.36000061035156,234.75999450683594,229.6300048828125,231.08999633789062,135352400,0.00836070775935327
2026-09-08,225.47769165039062,225.72999572753906,233.7100067138672,224.85000610351562,233.11000061035156,122965600,-0.020098996659771884
2026-09-09,223.4199981689453,223.6699981689453,226.17999267578125,223.4600067138672,225.27999877929688,82955500,-0.009125936284871128
2026-09-10,218.36000061035156,218.36000061035156,220.99000549316406,217.1999969482422,220.52999877929688,105768000,-0.023740321017854726
2026-09-11,218.2899932861328,218.2899932861328,222.0,218.14999389648438,221.24000549316406,89060100,-0.00032060507429509943
2026-09-14,210.9600067138672,210.9600067138672,212.77000427246094,208.92999267578125,211.24000549316406,132267200,-0.03357912317427003
2026-09-15,212.1699981689453,212.1699981689453,213.94000244140625,211.16000366210938,213.3800048828125,88059700,0.005735643802473378
2026-09-16,213.89999389648438,213.89999389648438,216.75999450683594,212.5,214.13999938964844,96563600,0.008153818836165172
2026-09-17,219.33999633789062,219.33999633789062,219.91000366210938,217.14999389648438,218.3800048828125,94191300,0.025432457207263504
2026-09-18,222.27000427246094,222.27000427246094,222.72999572753906,218.02999877929688,219.35000610351562,189683500,0.013358292985729214
